INSERT INTO pipeline_container (id, name, case_sensitive_name, description, fk_organisation_id) VALUES ('510057', 'cardiac_pathway', 'CARDIAC_PATHWAY', NULL, '50702') using metastore;
INSERT INTO pipeline_relation (id, name, case_sensitive_name, description, fk_pipeline_container_id) VALUES ('1534216', 'visit_note', 'visit_note', NULL, '510057') using metastore;
INSERT INTO pipeline_relation (id, name, case_sensitive_name, description, fk_pipeline_container_id) VALUES ('1515967', 'patient_60', 'patient_60', NULL, '510057') using metastore;
INSERT INTO pipeline_relation (id, name, case_sensitive_name, description, fk_pipeline_container_id) VALUES ('510147', 'visits', 'visits', NULL, '510057') using metastore;
INSERT INTO pipeline_relation (id, name, case_sensitive_name, description, fk_pipeline_container_id) VALUES ('510077', 'ed', 'ED', NULL, '510057') using metastore;
INSERT INTO pipeline_relation (id, name, case_sensitive_name, description, fk_pipeline_container_id) VALUES ('510058', 'patient', 'patient', NULL, '510057') using metastore;
INSERT INTO pipeline_node (id, name, case_sensitive_name, description, fk_pipeline_relation_id, pipeline_type, sources) VALUES ('1515998', 'sqltable_0', 'sqltable_0', NULL, '1515967', 'SQLTable', NULL) using metastore;
INSERT INTO pipeline_node (id, name, case_sensitive_name, description, fk_pipeline_relation_id, pipeline_type, sources) VALUES ('1516014', 'projection_0', 'projection_0', NULL, '1515967', 'PROJECTION', 'sqltable_0') using metastore;
INSERT INTO pipeline_node (id, name, case_sensitive_name, description, fk_pipeline_relation_id, pipeline_type, sources) VALUES ('1534344', 'health_visit_notes', 'health_visit_notes', NULL, '1534216', 'DATASOURCE', 'Health.visit_notes') using metastore;
INSERT INTO pipeline_node (id, name, case_sensitive_name, description, fk_pipeline_relation_id, pipeline_type, sources) VALUES ('1534354', 'projection_0', 'projection_0', NULL, '1534216', 'PROJECTION', 'health_visit_notes') using metastore;
INSERT INTO pipeline_node (id, name, case_sensitive_name, description, fk_pipeline_relation_id, pipeline_type, sources) VALUES ('510078', 'health_visit_cardio', 'health_visit_cardio', NULL, '510077', 'DATASOURCE', 'Health.visit_cardio') using metastore;
INSERT INTO pipeline_node (id, name, case_sensitive_name, description, fk_pipeline_relation_id, pipeline_type, sources) VALUES ('510091', 'projection_0', 'projection_0', NULL, '510077', 'PROJECTION', 'health_visit_cardio') using metastore;
INSERT INTO pipeline_node (id, name, case_sensitive_name, description, fk_pipeline_relation_id, pipeline_type, sources) VALUES ('1465688', 'health_visit_notes', 'health_visit_notes', NULL, '510147', 'DATASOURCE', 'Health.visit_notes') using metastore;
INSERT INTO pipeline_node (id, name, case_sensitive_name, description, fk_pipeline_relation_id, pipeline_type, sources) VALUES ('1465697', 'health_visit_cardio', 'health_visit_cardio', NULL, '510147', 'DATASOURCE', 'Health.visit_cardio') using metastore;
INSERT INTO pipeline_node (id, name, case_sensitive_name, description, fk_pipeline_relation_id, pipeline_type, sources) VALUES ('1465701', 'join_0', 'join_0', NULL, '510147', 'JOIN', 'health_visit_notes,health_visit_cardio') using metastore;
INSERT INTO pipeline_node (id, name, case_sensitive_name, description, fk_pipeline_relation_id, pipeline_type, sources) VALUES ('1465711', 'projection_0', 'projection_0', NULL, '510147', 'PROJECTION', 'join_0') using metastore;
INSERT INTO pipeline_node (id, name, case_sensitive_name, description, fk_pipeline_relation_id, pipeline_type, sources) VALUES ('510941', 'health_visit_cardio', 'health_visit_cardio', NULL, '510058', 'DATASOURCE', 'Health.visit_cardio') using metastore;
INSERT INTO pipeline_node (id, name, case_sensitive_name, description, fk_pipeline_relation_id, pipeline_type, sources) VALUES ('510950', 'projection_0', 'projection_0', NULL, '510058', 'PROJECTION', 'health_visit_cardio') using metastore;
INSERT INTO pipeline_sqltable (id, source_tables, sql_query) VALUES ('1515998', NULL, 'select * from Patient.Pat60') using metastore;
INSERT INTO pipeline_join (id, join_tables, join_predicate, filter_expression, order_by) VALUES ('1465701', 'health_visit_notes,health_visit_cardio', '(health_visit_notes.ED_DISCH_DISPOSITION = health_visit_cardio.ED_DISCH_DISPOSITION) AND (health_visit_notes.ED_DISCH_TO_LOCTN = health_visit_cardio.ED_DISCH_TO_LOCTN)', NULL, NULL) using metastore;
INSERT INTO pipeline_node_schema (id, column_name, column_alias, data_type, sql_expression, fk_pipeline_node_id) VALUES ('1516026', 'VisitSummary', NULL, '"string"', NULL, '1516014') using metastore;
INSERT INTO pipeline_node_schema (id, column_name, column_alias, data_type, sql_expression, fk_pipeline_node_id) VALUES ('1516025', 'Visitlifecycle', NULL, '"string"', NULL, '1516014') using metastore;
INSERT INTO pipeline_node_schema (id, column_name, column_alias, data_type, sql_expression, fk_pipeline_node_id) VALUES ('1516024', 'VisitLocationType', NULL, '"string"', NULL, '1516014') using metastore;
INSERT INTO pipeline_node_schema (id, column_name, column_alias, data_type, sql_expression, fk_pipeline_node_id) VALUES ('1516023', 'VisitEndTime', NULL, '"string"', NULL, '1516014') using metastore;
INSERT INTO pipeline_node_schema (id, column_name, column_alias, data_type, sql_expression, fk_pipeline_node_id) VALUES ('1516022', 'VisitEndDate', NULL, '"string"', NULL, '1516014') using metastore;
INSERT INTO pipeline_node_schema (id, column_name, column_alias, data_type, sql_expression, fk_pipeline_node_id) VALUES ('1516021', 'Attendee', NULL, '"string"', NULL, '1516014') using metastore;
INSERT INTO pipeline_node_schema (id, column_name, column_alias, data_type, sql_expression, fk_pipeline_node_id) VALUES ('1516020', 'VisitLocation', NULL, '"string"', NULL, '1516014') using metastore;
INSERT INTO pipeline_node_schema (id, column_name, column_alias, data_type, sql_expression, fk_pipeline_node_id) VALUES ('1516019', 'ExamType', NULL, '"string"', NULL, '1516014') using metastore;
INSERT INTO pipeline_node_schema (id, column_name, column_alias, data_type, sql_expression, fk_pipeline_node_id) VALUES ('1516018', 'VisitType', NULL, '"string"', NULL, '1516014') using metastore;
INSERT INTO pipeline_node_schema (id, column_name, column_alias, data_type, sql_expression, fk_pipeline_node_id) VALUES ('1516017', 'VisitStartdate', NULL, '"string"', NULL, '1516014') using metastore;
INSERT INTO pipeline_node_schema (id, column_name, column_alias, data_type, sql_expression, fk_pipeline_node_id) VALUES ('1516016', 'PatientID', NULL, '"string"', NULL, '1516014') using metastore;
INSERT INTO pipeline_node_schema (id, column_name, column_alias, data_type, sql_expression, fk_pipeline_node_id) VALUES ('1516015', 'VisitId', NULL, '"string"', NULL, '1516014') using metastore;
INSERT INTO pipeline_node_schema (id, column_name, column_alias, data_type, sql_expression, fk_pipeline_node_id) VALUES ('1516013', 'PATIENT.pat60.VisitNaote', 'VisitNaote', '"string"', NULL, '1515998') using metastore;
INSERT INTO pipeline_node_schema (id, column_name, column_alias, data_type, sql_expression, fk_pipeline_node_id) VALUES ('1516012', 'PATIENT.pat60.VisitSummary', 'VisitSummary', '"string"', NULL, '1515998') using metastore;
INSERT INTO pipeline_node_schema (id, column_name, column_alias, data_type, sql_expression, fk_pipeline_node_id) VALUES ('1516011', 'PATIENT.pat60.Visitlifecycle', 'Visitlifecycle', '"string"', NULL, '1515998') using metastore;
INSERT INTO pipeline_node_schema (id, column_name, column_alias, data_type, sql_expression, fk_pipeline_node_id) VALUES ('1516010', 'PATIENT.pat60.VisitLocationType', 'VisitLocationType', '"string"', NULL, '1515998') using metastore;
INSERT INTO pipeline_node_schema (id, column_name, column_alias, data_type, sql_expression, fk_pipeline_node_id) VALUES ('1516009', 'PATIENT.pat60.VisitEndTime', 'VisitEndTime', '"string"', NULL, '1515998') using metastore;
INSERT INTO pipeline_node_schema (id, column_name, column_alias, data_type, sql_expression, fk_pipeline_node_id) VALUES ('1516008', 'PATIENT.pat60.VisitEndDate', 'VisitEndDate', '"string"', NULL, '1515998') using metastore;
INSERT INTO pipeline_node_schema (id, column_name, column_alias, data_type, sql_expression, fk_pipeline_node_id) VALUES ('1516007', 'PATIENT.pat60.VisitStart Time', 'VisitStart Time', '"string"', NULL, '1515998') using metastore;
INSERT INTO pipeline_node_schema (id, column_name, column_alias, data_type, sql_expression, fk_pipeline_node_id) VALUES ('1516006', 'PATIENT.pat60.Attendee', 'Attendee', '"string"', NULL, '1515998') using metastore;
INSERT INTO pipeline_node_schema (id, column_name, column_alias, data_type, sql_expression, fk_pipeline_node_id) VALUES ('1516005', 'PATIENT.pat60.VisitLocation', 'VisitLocation', '"string"', NULL, '1515998') using metastore;
INSERT INTO pipeline_node_schema (id, column_name, column_alias, data_type, sql_expression, fk_pipeline_node_id) VALUES ('1516004', 'PATIENT.pat60.ExamType', 'ExamType', '"string"', NULL, '1515998') using metastore;
INSERT INTO pipeline_node_schema (id, column_name, column_alias, data_type, sql_expression, fk_pipeline_node_id) VALUES ('1516003', 'PATIENT.pat60._c4', '_c4', '"string"', NULL, '1515998') using metastore;
INSERT INTO pipeline_node_schema (id, column_name, column_alias, data_type, sql_expression, fk_pipeline_node_id) VALUES ('1516002', 'PATIENT.pat60.VisitType', 'VisitType', '"string"', NULL, '1515998') using metastore;
INSERT INTO pipeline_node_schema (id, column_name, column_alias, data_type, sql_expression, fk_pipeline_node_id) VALUES ('1516001', 'PATIENT.pat60.VisitStartdate', 'VisitStartdate', '"string"', NULL, '1515998') using metastore;
INSERT INTO pipeline_node_schema (id, column_name, column_alias, data_type, sql_expression, fk_pipeline_node_id) VALUES ('1516000', 'PATIENT.pat60.PatientID', 'PatientID', '"string"', NULL, '1515998') using metastore;
INSERT INTO pipeline_node_schema (id, column_name, column_alias, data_type, sql_expression, fk_pipeline_node_id) VALUES ('1515999', 'PATIENT.pat60.VisitId', 'VisitId', '"string"', NULL, '1515998') using metastore;
INSERT INTO pipeline_node_schema (id, column_name, column_alias, data_type, sql_expression, fk_pipeline_node_id) VALUES ('1534363', 'ED_DISCHG_DISPOSITON1', NULL, 'string', 'CASE     WHEN ED_DISCH_DISPOSITION  IS NULL    THEN ''Not Provided''     ELSE ED_DISCH_DISPOSITION  END', '1534354') using metastore;
INSERT INTO pipeline_node_schema (id, column_name, column_alias, data_type, sql_expression, fk_pipeline_node_id) VALUES ('1534362', 'NORMALACY', NULL, 'string', NULL, '1534354') using metastore;
INSERT INTO pipeline_node_schema (id, column_name, column_alias, data_type, sql_expression, fk_pipeline_node_id) VALUES ('1534361', 'INTEPRET_COMMENT', NULL, 'string', NULL, '1534354') using metastore;
INSERT INTO pipeline_node_schema (id, column_name, column_alias, data_type, sql_expression, fk_pipeline_node_id) VALUES ('1534360', 'ADMIT_SRC', NULL, 'string', NULL, '1534354') using metastore;
INSERT INTO pipeline_node_schema (id, column_name, column_alias, data_type, sql_expression, fk_pipeline_node_id) VALUES ('1534359', 'ADMIT_MODE', NULL, 'string', NULL, '1534354') using metastore;
INSERT INTO pipeline_node_schema (id, column_name, column_alias, data_type, sql_expression, fk_pipeline_node_id) VALUES ('1534358', 'LIVING_DEPENDENCY', NULL, 'string', NULL, '1534354') using metastore;
INSERT INTO pipeline_node_schema (id, column_name, column_alias, data_type, sql_expression, fk_pipeline_node_id) VALUES ('1534357', 'ED_DISCH_TO_LOCTN', NULL, 'string', NULL, '1534354') using metastore;
INSERT INTO pipeline_node_schema (id, column_name, column_alias, data_type, sql_expression, fk_pipeline_node_id) VALUES ('1534356', 'DIAGNOSIS', NULL, 'string', NULL, '1534354') using metastore;
INSERT INTO pipeline_node_schema (id, column_name, column_alias, data_type, sql_expression, fk_pipeline_node_id) VALUES ('1534355', 'VISIT_REASON', NULL, 'string', NULL, '1534354') using metastore;
INSERT INTO pipeline_node_schema (id, column_name, column_alias, data_type, sql_expression, fk_pipeline_node_id) VALUES ('1534353', 'NORMALACY', NULL, 'string', NULL, '1534344') using metastore;
INSERT INTO pipeline_node_schema (id, column_name, column_alias, data_type, sql_expression, fk_pipeline_node_id) VALUES ('1534352', 'INTEPRET_COMMENT', NULL, 'string', NULL, '1534344') using metastore;
INSERT INTO pipeline_node_schema (id, column_name, column_alias, data_type, sql_expression, fk_pipeline_node_id) VALUES ('1534351', 'ADMIT_SRC', NULL, 'string', NULL, '1534344') using metastore;
INSERT INTO pipeline_node_schema (id, column_name, column_alias, data_type, sql_expression, fk_pipeline_node_id) VALUES ('1534350', 'ADMIT_MODE', NULL, 'string', NULL, '1534344') using metastore;
INSERT INTO pipeline_node_schema (id, column_name, column_alias, data_type, sql_expression, fk_pipeline_node_id) VALUES ('1534349', 'LIVING_DEPENDENCY', NULL, 'string', NULL, '1534344') using metastore;
INSERT INTO pipeline_node_schema (id, column_name, column_alias, data_type, sql_expression, fk_pipeline_node_id) VALUES ('1534348', 'ED_DISCH_TO_LOCTN', NULL, 'string', NULL, '1534344') using metastore;
INSERT INTO pipeline_node_schema (id, column_name, column_alias, data_type, sql_expression, fk_pipeline_node_id) VALUES ('1534347', 'ED_DISCH_DISPOSITION', NULL, 'string', NULL, '1534344') using metastore;
INSERT INTO pipeline_node_schema (id, column_name, column_alias, data_type, sql_expression, fk_pipeline_node_id) VALUES ('1534346', 'DIAGNOSIS', NULL, 'string', NULL, '1534344') using metastore;
INSERT INTO pipeline_node_schema (id, column_name, column_alias, data_type, sql_expression, fk_pipeline_node_id) VALUES ('1534345', 'VISIT_REASON', NULL, 'string', NULL, '1534344') using metastore;
INSERT INTO pipeline_node_schema (id, column_name, column_alias, data_type, sql_expression, fk_pipeline_node_id) VALUES ('510103', 'ENCNTR_ID', NULL, 'string', NULL, '510091') using metastore;
INSERT INTO pipeline_node_schema (id, column_name, column_alias, data_type, sql_expression, fk_pipeline_node_id) VALUES ('510102', 'PATIENT', NULL, 'string', NULL, '510091') using metastore;
INSERT INTO pipeline_node_schema (id, column_name, column_alias, data_type, sql_expression, fk_pipeline_node_id) VALUES ('510101', 'ED_TM_TO_DR_MIN', NULL, 'string', NULL, '510091') using metastore;
INSERT INTO pipeline_node_schema (id, column_name, column_alias, data_type, sql_expression, fk_pipeline_node_id) VALUES ('510100', 'ED_DR', NULL, 'string', NULL, '510091') using metastore;
INSERT INTO pipeline_node_schema (id, column_name, column_alias, data_type, sql_expression, fk_pipeline_node_id) VALUES ('510099', 'ED_DR_ASSIGN_TM', NULL, 'string', NULL, '510091') using metastore;
INSERT INTO pipeline_node_schema (id, column_name, column_alias, data_type, sql_expression, fk_pipeline_node_id) VALUES ('510098', 'ED_DISCH_TO_LOCTN', NULL, 'string', NULL, '510091') using metastore;
INSERT INTO pipeline_node_schema (id, column_name, column_alias, data_type, sql_expression, fk_pipeline_node_id) VALUES ('510097', 'ED_DISCH_DISPOSITION', NULL, 'string', NULL, '510091') using metastore;
INSERT INTO pipeline_node_schema (id, column_name, column_alias, data_type, sql_expression, fk_pipeline_node_id) VALUES ('510096', 'ED_LOS', NULL, 'string', NULL, '510091') using metastore;
INSERT INTO pipeline_node_schema (id, column_name, column_alias, data_type, sql_expression, fk_pipeline_node_id) VALUES ('510095', 'ED_DISCH', NULL, 'string', NULL, '510091') using metastore;
INSERT INTO pipeline_node_schema (id, column_name, column_alias, data_type, sql_expression, fk_pipeline_node_id) VALUES ('510094', 'ED_ARRIVE', NULL, 'string', NULL, '510091') using metastore;
INSERT INTO pipeline_node_schema (id, column_name, column_alias, data_type, sql_expression, fk_pipeline_node_id) VALUES ('510093', 'ED_SITE', NULL, 'string', NULL, '510091') using metastore;
INSERT INTO pipeline_node_schema (id, column_name, column_alias, data_type, sql_expression, fk_pipeline_node_id) VALUES ('510092', 'MRN', NULL, 'string', NULL, '510091') using metastore;
INSERT INTO pipeline_node_schema (id, column_name, column_alias, data_type, sql_expression, fk_pipeline_node_id) VALUES ('510090', 'ENCNTR_ID', NULL, 'string', NULL, '510078') using metastore;
INSERT INTO pipeline_node_schema (id, column_name, column_alias, data_type, sql_expression, fk_pipeline_node_id) VALUES ('510089', 'PATIENT', NULL, 'string', NULL, '510078') using metastore;
INSERT INTO pipeline_node_schema (id, column_name, column_alias, data_type, sql_expression, fk_pipeline_node_id) VALUES ('510088', 'ED_TM_TO_DR_MIN', NULL, 'string', NULL, '510078') using metastore;
INSERT INTO pipeline_node_schema (id, column_name, column_alias, data_type, sql_expression, fk_pipeline_node_id) VALUES ('510087', 'ED_DR', NULL, 'string', NULL, '510078') using metastore;
INSERT INTO pipeline_node_schema (id, column_name, column_alias, data_type, sql_expression, fk_pipeline_node_id) VALUES ('510086', 'ED_DR_ASSIGN_TM', NULL, 'string', NULL, '510078') using metastore;
INSERT INTO pipeline_node_schema (id, column_name, column_alias, data_type, sql_expression, fk_pipeline_node_id) VALUES ('510085', 'ED_DISCH_TO_LOCTN', NULL, 'string', NULL, '510078') using metastore;
INSERT INTO pipeline_node_schema (id, column_name, column_alias, data_type, sql_expression, fk_pipeline_node_id) VALUES ('510084', 'ED_DISCH_DISPOSITION', NULL, 'string', NULL, '510078') using metastore;
INSERT INTO pipeline_node_schema (id, column_name, column_alias, data_type, sql_expression, fk_pipeline_node_id) VALUES ('510083', 'ED_LOS', NULL, 'string', NULL, '510078') using metastore;
INSERT INTO pipeline_node_schema (id, column_name, column_alias, data_type, sql_expression, fk_pipeline_node_id) VALUES ('510082', 'ED_DISCH', NULL, 'string', NULL, '510078') using metastore;
INSERT INTO pipeline_node_schema (id, column_name, column_alias, data_type, sql_expression, fk_pipeline_node_id) VALUES ('510081', 'ED_ARRIVE', NULL, 'string', NULL, '510078') using metastore;
INSERT INTO pipeline_node_schema (id, column_name, column_alias, data_type, sql_expression, fk_pipeline_node_id) VALUES ('510080', 'ED_SITE', NULL, 'string', NULL, '510078') using metastore;
INSERT INTO pipeline_node_schema (id, column_name, column_alias, data_type, sql_expression, fk_pipeline_node_id) VALUES ('510079', 'MRN', NULL, 'string', NULL, '510078') using metastore;
INSERT INTO pipeline_node_schema (id, column_name, column_alias, data_type, sql_expression, fk_pipeline_node_id) VALUES ('1465696', 'NORMALACY', NULL, 'string', NULL, '1465688') using metastore;
INSERT INTO pipeline_node_schema (id, column_name, column_alias, data_type, sql_expression, fk_pipeline_node_id) VALUES ('1465695', 'ADMIT_SRC', NULL, 'string', NULL, '1465688') using metastore;
INSERT INTO pipeline_node_schema (id, column_name, column_alias, data_type, sql_expression, fk_pipeline_node_id) VALUES ('1465694', 'ADMIT_MODE', NULL, 'string', NULL, '1465688') using metastore;
INSERT INTO pipeline_node_schema (id, column_name, column_alias, data_type, sql_expression, fk_pipeline_node_id) VALUES ('1465693', 'ED_DISCH_TO_LOCTN', NULL, 'string', NULL, '1465688') using metastore;
INSERT INTO pipeline_node_schema (id, column_name, column_alias, data_type, sql_expression, fk_pipeline_node_id) VALUES ('1465692', 'ED_DISCH_DISPOSITION', NULL, 'string', NULL, '1465688') using metastore;
INSERT INTO pipeline_node_schema (id, column_name, column_alias, data_type, sql_expression, fk_pipeline_node_id) VALUES ('1465691', 'DIAGNOSIS', NULL, 'string', NULL, '1465688') using metastore;
INSERT INTO pipeline_node_schema (id, column_name, column_alias, data_type, sql_expression, fk_pipeline_node_id) VALUES ('1465690', 'CHIEF_COMPLAINT', NULL, 'string', NULL, '1465688') using metastore;
INSERT INTO pipeline_node_schema (id, column_name, column_alias, data_type, sql_expression, fk_pipeline_node_id) VALUES ('1465689', 'VISIT_REASON', NULL, 'string', NULL, '1465688') using metastore;
INSERT INTO pipeline_node_schema (id, column_name, column_alias, data_type, sql_expression, fk_pipeline_node_id) VALUES ('1465700', 'ED_DISCH_TO_LOCTN', NULL, 'string', NULL, '1465697') using metastore;
INSERT INTO pipeline_node_schema (id, column_name, column_alias, data_type, sql_expression, fk_pipeline_node_id) VALUES ('1465699', 'ED_DISCH_DISPOSITION', NULL, 'string', NULL, '1465697') using metastore;
INSERT INTO pipeline_node_schema (id, column_name, column_alias, data_type, sql_expression, fk_pipeline_node_id) VALUES ('1465698', 'PATIENT', NULL, 'string', NULL, '1465697') using metastore;
INSERT INTO pipeline_node_schema (id, column_name, column_alias, data_type, sql_expression, fk_pipeline_node_id) VALUES ('1465721', 'created', NULL, 'timestamp', 'now()', '1465711') using metastore;
INSERT INTO pipeline_node_schema (id, column_name, column_alias, data_type, sql_expression, fk_pipeline_node_id) VALUES ('1465720', 'NORMALACY', NULL, 'string', NULL, '1465711') using metastore;
INSERT INTO pipeline_node_schema (id, column_name, column_alias, data_type, sql_expression, fk_pipeline_node_id) VALUES ('1465719', 'ADMIT_SRC', NULL, 'string', NULL, '1465711') using metastore;
INSERT INTO pipeline_node_schema (id, column_name, column_alias, data_type, sql_expression, fk_pipeline_node_id) VALUES ('1465718', 'ADMIT_MODE', NULL, 'string', NULL, '1465711') using metastore;
INSERT INTO pipeline_node_schema (id, column_name, column_alias, data_type, sql_expression, fk_pipeline_node_id) VALUES ('1465717', 'ED_DISCH_TO_LOCTN', NULL, 'string', NULL, '1465711') using metastore;
INSERT INTO pipeline_node_schema (id, column_name, column_alias, data_type, sql_expression, fk_pipeline_node_id) VALUES ('1465716', 'ED_DISCH_DISPOSITION', NULL, 'string', NULL, '1465711') using metastore;
INSERT INTO pipeline_node_schema (id, column_name, column_alias, data_type, sql_expression, fk_pipeline_node_id) VALUES ('1465715', 'DIAGNOSIS', NULL, 'string', NULL, '1465711') using metastore;
INSERT INTO pipeline_node_schema (id, column_name, column_alias, data_type, sql_expression, fk_pipeline_node_id) VALUES ('1465714', 'CHIEF_COMPLAINT', NULL, 'string', NULL, '1465711') using metastore;
INSERT INTO pipeline_node_schema (id, column_name, column_alias, data_type, sql_expression, fk_pipeline_node_id) VALUES ('1465713', 'VISIT_REASON', NULL, 'string', NULL, '1465711') using metastore;
INSERT INTO pipeline_node_schema (id, column_name, column_alias, data_type, sql_expression, fk_pipeline_node_id) VALUES ('1465712', 'PATIENT', NULL, 'string', NULL, '1465711') using metastore;
INSERT INTO pipeline_node_schema (id, column_name, column_alias, data_type, sql_expression, fk_pipeline_node_id) VALUES ('1465710', 'health_visit_notes.NORMALACY', 'NORMALACY', 'string', NULL, '1465701') using metastore;
INSERT INTO pipeline_node_schema (id, column_name, column_alias, data_type, sql_expression, fk_pipeline_node_id) VALUES ('1465709', 'health_visit_notes.ADMIT_SRC', 'ADMIT_SRC', 'string', NULL, '1465701') using metastore;
INSERT INTO pipeline_node_schema (id, column_name, column_alias, data_type, sql_expression, fk_pipeline_node_id) VALUES ('1465708', 'health_visit_notes.ADMIT_MODE', 'ADMIT_MODE', 'string', NULL, '1465701') using metastore;
INSERT INTO pipeline_node_schema (id, column_name, column_alias, data_type, sql_expression, fk_pipeline_node_id) VALUES ('1465707', 'health_visit_notes.ED_DISCH_TO_LOCTN', 'ED_DISCH_TO_LOCTN', 'string', NULL, '1465701') using metastore;
INSERT INTO pipeline_node_schema (id, column_name, column_alias, data_type, sql_expression, fk_pipeline_node_id) VALUES ('1465706', 'health_visit_notes.ED_DISCH_DISPOSITION', 'ED_DISCH_DISPOSITION', 'string', NULL, '1465701') using metastore;
INSERT INTO pipeline_node_schema (id, column_name, column_alias, data_type, sql_expression, fk_pipeline_node_id) VALUES ('1465705', 'health_visit_notes.DIAGNOSIS', 'DIAGNOSIS', 'string', NULL, '1465701') using metastore;
INSERT INTO pipeline_node_schema (id, column_name, column_alias, data_type, sql_expression, fk_pipeline_node_id) VALUES ('1465704', 'health_visit_notes.CHIEF_COMPLAINT', 'CHIEF_COMPLAINT', 'string', NULL, '1465701') using metastore;
INSERT INTO pipeline_node_schema (id, column_name, column_alias, data_type, sql_expression, fk_pipeline_node_id) VALUES ('1465703', 'health_visit_notes.VISIT_REASON', 'VISIT_REASON', 'string', NULL, '1465701') using metastore;
INSERT INTO pipeline_node_schema (id, column_name, column_alias, data_type, sql_expression, fk_pipeline_node_id) VALUES ('1465702', 'health_visit_cardio.PATIENT', 'PATIENT', 'string', NULL, '1465701') using metastore;
INSERT INTO pipeline_node_schema (id, column_name, column_alias, data_type, sql_expression, fk_pipeline_node_id) VALUES ('510958', 'ENCNTR_ID', NULL, 'string', NULL, '510950') using metastore;
INSERT INTO pipeline_node_schema (id, column_name, column_alias, data_type, sql_expression, fk_pipeline_node_id) VALUES ('510957', 'PERSON_ID', NULL, 'string', NULL, '510950') using metastore;
INSERT INTO pipeline_node_schema (id, column_name, column_alias, data_type, sql_expression, fk_pipeline_node_id) VALUES ('510956', 'LIVING_DEPENDENCY', NULL, 'string', NULL, '510950') using metastore;
INSERT INTO pipeline_node_schema (id, column_name, column_alias, data_type, sql_expression, fk_pipeline_node_id) VALUES ('510955', 'POSTCODE', NULL, 'string', NULL, '510950') using metastore;
INSERT INTO pipeline_node_schema (id, column_name, column_alias, data_type, sql_expression, fk_pipeline_node_id) VALUES ('510954', 'GENDER', NULL, 'string', NULL, '510950') using metastore;
INSERT INTO pipeline_node_schema (id, column_name, column_alias, data_type, sql_expression, fk_pipeline_node_id) VALUES ('510953', 'AGE', NULL, 'string', NULL, '510950') using metastore;
INSERT INTO pipeline_node_schema (id, column_name, column_alias, data_type, sql_expression, fk_pipeline_node_id) VALUES ('510952', 'DOB', NULL, 'string', NULL, '510950') using metastore;
INSERT INTO pipeline_node_schema (id, column_name, column_alias, data_type, sql_expression, fk_pipeline_node_id) VALUES ('510951', 'PATIENT', NULL, 'string', NULL, '510950') using metastore;
INSERT INTO pipeline_node_schema (id, column_name, column_alias, data_type, sql_expression, fk_pipeline_node_id) VALUES ('510949', 'ENCNTR_ID', NULL, 'string', NULL, '510941') using metastore;
INSERT INTO pipeline_node_schema (id, column_name, column_alias, data_type, sql_expression, fk_pipeline_node_id) VALUES ('510948', 'PERSON_ID', NULL, 'string', NULL, '510941') using metastore;
INSERT INTO pipeline_node_schema (id, column_name, column_alias, data_type, sql_expression, fk_pipeline_node_id) VALUES ('510947', 'LIVING_DEPENDENCY', NULL, 'string', NULL, '510941') using metastore;
INSERT INTO pipeline_node_schema (id, column_name, column_alias, data_type, sql_expression, fk_pipeline_node_id) VALUES ('510946', 'POSTCODE', NULL, 'string', NULL, '510941') using metastore;
INSERT INTO pipeline_node_schema (id, column_name, column_alias, data_type, sql_expression, fk_pipeline_node_id) VALUES ('510945', 'GENDER', NULL, 'string', NULL, '510941') using metastore;
INSERT INTO pipeline_node_schema (id, column_name, column_alias, data_type, sql_expression, fk_pipeline_node_id) VALUES ('510944', 'AGE', NULL, 'string', NULL, '510941') using metastore;
INSERT INTO pipeline_node_schema (id, column_name, column_alias, data_type, sql_expression, fk_pipeline_node_id) VALUES ('510943', 'DOB', NULL, 'string', NULL, '510941') using metastore;
INSERT INTO pipeline_node_schema (id, column_name, column_alias, data_type, sql_expression, fk_pipeline_node_id) VALUES ('510942', 'PATIENT', NULL, 'string', NULL, '510941') using metastore;
INSERT INTO pipeline_coordinates (id, coordinates, fk_pipeline_relation_id) VALUES ('ed989162-b64d-44d3-b17d-db9030bde606', '{"positions":[{"name":"projection_0","type":"Projection","xCord":"522px","yCord":"75px","isExpand":null},{"name":"sqltable_0","type":"SQLTable","xCord":"183px","yCord":"74px","isExpand":null}],"connections":[{"source":"sqltable_0","target":"projection_0","targetType":0}]}', '1515967') using metastore;
INSERT INTO pipeline_coordinates (id, coordinates, fk_pipeline_relation_id) VALUES ('6694c417-044d-4988-a81c-b8d7297813be', '{"positions":[{"name":"health_visit_notes","type":"DataSource","xCord":"46px","yCord":"66px","isExpand":true},{"name":"projection_0","type":"Projection","xCord":"572px","yCord":"166px","isExpand":null}],"connections":[{"source":"health_visit_notes","target":"projection_0","targetType":0}]}', '1534216') using metastore;
INSERT INTO pipeline_coordinates (id, coordinates, fk_pipeline_relation_id) VALUES ('ce8cf3f6-c88f-414a-8530-02c68722f98d', '{"positions":[{"name":"health_visit_cardio","type":"DataSource","xCord":"146px","yCord":"61px","isExpand":true},{"name":"projection_0","type":"Projection","xCord":"579px","yCord":"193px","isExpand":null},{"name":"sqltable_4","type":"SQLTable","xCord":"760px","yCord":"197px","isExpand":null}],"connections":[{"source":"health_visit_cardio","target":"projection_0","targetType":0}]}', '510077') using metastore;
INSERT INTO pipeline_coordinates (id, coordinates, fk_pipeline_relation_id) VALUES ('0878654c-6a29-40f8-87ca-57f9c5de3681', '{"positions":[{"name":"health_visit_notes","type":"DataSource","xCord":"27px","yCord":"8px","isExpand":true},{"name":"projection_0","type":"Projection","xCord":"525px","yCord":"140px","isExpand":null}],"connections":[{"source":"health_visit_notes","target":"projection_0","targetType":0}]}', '510147') using metastore;
INSERT INTO pipeline_coordinates (id, coordinates, fk_pipeline_relation_id) VALUES ('ee763522-3038-4433-b1b9-57f6c2a931e5', '{"positions":[{"name":"health_visit_cardio","type":"DataSource","xCord":"119px","yCord":"48px","isExpand":true},{"name":"projection_0","type":"Projection","xCord":"667px","yCord":"185px","isExpand":null}],"connections":[{"source":"health_visit_cardio","target":"projection_0","targetType":0}]}', '510058') using metastore;