INSERT INTO pipeline_container (id, name, case_sensitive_name, description, fk_organisation_id) VALUES ('608218', 'credit', 'CREDIT', NULL, '50702') using metastore;
INSERT INTO pipeline_relation (id, name, case_sensitive_name, description, fk_pipeline_container_id) VALUES ('608466', 'us_consumer_credit', 'US_consumer_credit', NULL, '608218') using metastore;
INSERT INTO pipeline_relation (id, name, case_sensitive_name, description, fk_pipeline_container_id) VALUES ('608429', 'bureau_consumer_credit', 'bureau_consumer_credit', NULL, '608218') using metastore;
INSERT INTO pipeline_relation (id, name, case_sensitive_name, description, fk_pipeline_container_id) VALUES ('608392', 'bureau_credit_card', 'bureau_Credit_card', NULL, '608218') using metastore;
INSERT INTO pipeline_relation (id, name, case_sensitive_name, description, fk_pipeline_container_id) VALUES ('608319', 'credit_card', 'credit_card', NULL, '608218') using metastore;
INSERT INTO pipeline_relation (id, name, case_sensitive_name, description, fk_pipeline_container_id) VALUES ('608219', 'us_fico', 'US_fico', NULL, '608218') using metastore;
INSERT INTO pipeline_node (id, name, case_sensitive_name, description, fk_pipeline_relation_id, pipeline_type, sources) VALUES ('608503', 'projection_0', 'projection_0', NULL, '608466', 'PROJECTION', 'credit_us_loandata') using metastore;
INSERT INTO pipeline_node (id, name, case_sensitive_name, description, fk_pipeline_relation_id, pipeline_type, sources) VALUES ('608467', 'credit_us_loandata', 'credit_us_loandata', NULL, '608466', 'DATASOURCE', 'Credit_US.Loandata') using metastore;
INSERT INTO pipeline_node (id, name, case_sensitive_name, description, fk_pipeline_relation_id, pipeline_type, sources) VALUES ('608230', 'projection_0', 'projection_0', NULL, '608219', 'PROJECTION', 'credit_us_credit_us') using metastore;
INSERT INTO pipeline_node (id, name, case_sensitive_name, description, fk_pipeline_relation_id, pipeline_type, sources) VALUES ('608220', 'credit_us_credit_us', 'credit_us_credit_us', NULL, '608219', 'DATASOURCE', 'Credit_US.Credit_US') using metastore;
INSERT INTO pipeline_node (id, name, case_sensitive_name, description, fk_pipeline_relation_id, pipeline_type, sources) VALUES ('608411', 'projection_0', 'projection_0', NULL, '608392', 'PROJECTION', 'credit_us_bureau_aus') using metastore;
INSERT INTO pipeline_node (id, name, case_sensitive_name, description, fk_pipeline_relation_id, pipeline_type, sources) VALUES ('608393', 'credit_us_bureau_aus', 'credit_us_bureau_aus', NULL, '608392', 'DATASOURCE', 'Credit_US.Bureau_AUS') using metastore;
INSERT INTO pipeline_node (id, name, case_sensitive_name, description, fk_pipeline_relation_id, pipeline_type, sources) VALUES ('608356', 'projection_0', 'projection_0', NULL, '608319', 'PROJECTION', 'credit_us_loandata') using metastore;
INSERT INTO pipeline_node (id, name, case_sensitive_name, description, fk_pipeline_relation_id, pipeline_type, sources) VALUES ('608320', 'credit_us_loandata', 'credit_us_loandata', NULL, '608319', 'DATASOURCE', 'Credit_US.Loandata') using metastore;
INSERT INTO pipeline_node (id, name, case_sensitive_name, description, fk_pipeline_relation_id, pipeline_type, sources) VALUES ('608448', 'projection_0', 'projection_0', NULL, '608429', 'PROJECTION', 'credit_us_bureau_aus') using metastore;
INSERT INTO pipeline_node (id, name, case_sensitive_name, description, fk_pipeline_relation_id, pipeline_type, sources) VALUES ('608430', 'credit_us_bureau_aus', 'credit_us_bureau_aus', NULL, '608429', 'DATASOURCE', 'Credit_US.Bureau_AUS') using metastore;
INSERT INTO pipeline_datasource (id, datasource_table) VALUES ('608467', '`Credit_US`.`Loandata`') using metastore;
INSERT INTO pipeline_datasource (id, datasource_table) VALUES ('608393', '`Credit_US`.`Bureau_AUS`') using metastore;
INSERT INTO pipeline_datasource (id, datasource_table) VALUES ('608320', '`Credit_US`.`Loandata`') using metastore;
INSERT INTO pipeline_datasource (id, datasource_table) VALUES ('608430', '`Credit_US`.`Bureau_AUS`') using metastore;
INSERT INTO pipeline_datasource (id, datasource_table) VALUES ('608220', '`Credit_US`.`Credit_US`') using metastore;