INSERT INTO pipeline_container (id, name, case_sensitive_name, description, fk_organisation_id) VALUES ('1457940', 'data_quality', 'DATA_QUALITY', NULL, '50702') using metastore;
INSERT INTO pipeline_relation (id, name, case_sensitive_name, description, fk_pipeline_container_id) VALUES ('1516210', 'test', 'test', NULL, '1457940') using metastore;
INSERT INTO pipeline_relation (id, name, case_sensitive_name, description, fk_pipeline_container_id) VALUES ('1458004', 'alldq', 'alldq', NULL, '1457940') using metastore;
INSERT INTO pipeline_relation (id, name, case_sensitive_name, description, fk_pipeline_container_id) VALUES ('1457987', 'inventory_dq', 'inventory_dq', NULL, '1457940') using metastore;
INSERT INTO pipeline_relation (id, name, case_sensitive_name, description, fk_pipeline_container_id) VALUES ('1457941', 'customer_dq', 'customer_dq', NULL, '1457940') using metastore;
INSERT INTO pipeline_node (id, name, case_sensitive_name, description, fk_pipeline_relation_id, pipeline_type, sources) VALUES ('1522285', 'projection_2', 'projection_2', NULL, '1458004', 'PROJECTION', 'sqltable_1') using metastore;
INSERT INTO pipeline_node (id, name, case_sensitive_name, description, fk_pipeline_relation_id, pipeline_type, sources) VALUES ('1522279', 'sqltable_1', 'sqltable_1', NULL, '1458004', 'SQLTable', NULL) using metastore;
INSERT INTO pipeline_node (id, name, case_sensitive_name, description, fk_pipeline_relation_id, pipeline_type, sources) VALUES ('1457980', 'simpledq_1', 'simpledq_1', NULL, '1457941', 'SimpleDQ', 'projection_0') using metastore;
INSERT INTO pipeline_node (id, name, case_sensitive_name, description, fk_pipeline_relation_id, pipeline_type, sources) VALUES ('1457961', 'projection_0', 'projection_0', NULL, '1457941', 'PROJECTION', 'tpc_ds_customer') using metastore;
INSERT INTO pipeline_node (id, name, case_sensitive_name, description, fk_pipeline_relation_id, pipeline_type, sources) VALUES ('1457942', 'tpc_ds_customer', 'tpc_ds_customer', NULL, '1457941', 'DATASOURCE', 'TPC_DS.customer') using metastore;
INSERT INTO pipeline_node (id, name, case_sensitive_name, description, fk_pipeline_relation_id, pipeline_type, sources) VALUES ('1516220', 'projection_0', 'projection_0', NULL, '1516210', 'PROJECTION', 'azure_mssql_customer') using metastore;
INSERT INTO pipeline_node (id, name, case_sensitive_name, description, fk_pipeline_relation_id, pipeline_type, sources) VALUES ('1516211', 'azure_mssql_customer', 'azure_mssql_customer', NULL, '1516210', 'DATASOURCE', 'AZURE_MSSQL.customer') using metastore;
INSERT INTO pipeline_node (id, name, case_sensitive_name, description, fk_pipeline_relation_id, pipeline_type, sources) VALUES ('1457998', 'simpledq_1', 'simpledq_1', NULL, '1457987', 'SimpleDQ', 'projection_0') using metastore;
INSERT INTO pipeline_node (id, name, case_sensitive_name, description, fk_pipeline_relation_id, pipeline_type, sources) VALUES ('1457993', 'projection_0', 'projection_0', NULL, '1457987', 'PROJECTION', 'tpc_ds_inventory') using metastore;
INSERT INTO pipeline_node (id, name, case_sensitive_name, description, fk_pipeline_relation_id, pipeline_type, sources) VALUES ('1457988', 'tpc_ds_inventory', 'tpc_ds_inventory', NULL, '1457987', 'DATASOURCE', 'TPC_DS.inventory') using metastore;
INSERT INTO pipeline_datasource (id, datasource_table) VALUES ('1457988', '`TPC_DS`.`inventory`') using metastore;
INSERT INTO pipeline_datasource (id, datasource_table) VALUES ('1457942', '`TPC_DS`.`customer`') using metastore;
INSERT INTO pipeline_datasource (id, datasource_table) VALUES ('1516211', '`AZURE_MSSQL`.`customer`') using metastore;
INSERT INTO pipeline_projection (id, filter_expression, windows_spec, order_by) VALUES ('1522285', NULL, NULL, NULL) using metastore;
INSERT INTO pipeline_projection (id, filter_expression, windows_spec, order_by) VALUES ('1516220', NULL, NULL, NULL) using metastore;
INSERT INTO pipeline_projection (id, filter_expression, windows_spec, order_by) VALUES ('1457961', NULL, NULL, NULL) using metastore;
INSERT INTO pipeline_projection (id, filter_expression, windows_spec, order_by) VALUES ('1457993', NULL, NULL, NULL) using metastore;