INSERT INTO pipeline_container (id, name, case_sensitive_name, description, fk_organisation_id) VALUES ('1331044', 'data_migration', 'DATA_MIGRATION', NULL, '50702') using metastore;
INSERT INTO pipeline_relation (id, name, case_sensitive_name, description, fk_pipeline_container_id) VALUES ('1331068', 'insert_into_new_table', 'insert_into_new_table', NULL, '1331044') using metastore;
INSERT INTO pipeline_relation (id, name, case_sensitive_name, description, fk_pipeline_container_id) VALUES ('1331045', 'insert_to_iceberg', 'insert_to_iceberg', NULL, '1331044') using metastore;
INSERT INTO pipeline_node (id, name, case_sensitive_name, description, fk_pipeline_relation_id, pipeline_type, sources) VALUES ('1331087', 'migration_2', 'migration_2', NULL, '1331068', 'MIGRATION', 'projection_0') using metastore;
INSERT INTO pipeline_node (id, name, case_sensitive_name, description, fk_pipeline_relation_id, pipeline_type, sources) VALUES ('1331078', 'projection_0', 'projection_0', NULL, '1331068', 'PROJECTION', 'azure_mssql_customer') using metastore;
INSERT INTO pipeline_node (id, name, case_sensitive_name, description, fk_pipeline_relation_id, pipeline_type, sources) VALUES ('1331069', 'azure_mssql_customer', 'azure_mssql_customer', NULL, '1331068', 'DATASOURCE', 'AZURE_MSSQL.customer') using metastore;
INSERT INTO pipeline_node (id, name, case_sensitive_name, description, fk_pipeline_relation_id, pipeline_type, sources) VALUES ('1331064', 'migration_1', 'migration_1', NULL, '1331045', 'MIGRATION', 'projection_0') using metastore;
INSERT INTO pipeline_node (id, name, case_sensitive_name, description, fk_pipeline_relation_id, pipeline_type, sources) VALUES ('1331055', 'projection_0', 'projection_0', NULL, '1331045', 'PROJECTION', 'aws_orcl_customer') using metastore;
INSERT INTO pipeline_node (id, name, case_sensitive_name, description, fk_pipeline_relation_id, pipeline_type, sources) VALUES ('1331046', 'aws_orcl_customer', 'aws_orcl_customer', NULL, '1331045', 'DATASOURCE', 'AWS_ORCL.customer') using metastore;
INSERT INTO pipeline_datasource (id, datasource_table) VALUES ('1331069', '`AZURE_MSSQL`.`customer`') using metastore;
INSERT INTO pipeline_datasource (id, datasource_table) VALUES ('1331046', '`AWS_ORCL`.`customer`') using metastore;
INSERT INTO pipeline_migration (id, source_tables, cron_expression, migrations_json, rollback_all_on_failure) VALUES ('1331064', 'projection_0', NULL, '[{"modeType":"INSERT","sourceNode":"projection_0","targetTable":"aws_lakewhouse.abcde","createIfMissing":false}]', 'false') using metastore;
INSERT INTO pipeline_migration (id, source_tables, cron_expression, migrations_json, rollback_all_on_failure) VALUES ('1331087', 'projection_0', NULL, '[{"modeType":"INSERT","sourceNode":"projection_0","targetTable":"aws_lakewhouse.ben","createIfMissing":true}]', 'false') using metastore;
INSERT INTO pipeline_node_schema (id, column_name, column_alias, data_type, sql_expression, fk_pipeline_node_id) VALUES ('1331088', 'target', NULL, 'string', NULL, '1331087') using metastore;
INSERT INTO pipeline_node_schema (id, column_name, column_alias, data_type, sql_expression, fk_pipeline_node_id) VALUES ('1331089', 'start', NULL, 'timestamp', NULL, '1331087') using metastore;
INSERT INTO pipeline_node_schema (id, column_name, column_alias, data_type, sql_expression, fk_pipeline_node_id) VALUES ('1331090', 'end', NULL, 'timestamp', NULL, '1331087') using metastore;
INSERT INTO pipeline_node_schema (id, column_name, column_alias, data_type, sql_expression, fk_pipeline_node_id) VALUES ('1331070', 'c_custkey', NULL, 'int', NULL, '1331069') using metastore;
INSERT INTO pipeline_node_schema (id, column_name, column_alias, data_type, sql_expression, fk_pipeline_node_id) VALUES ('1331071', 'c_name', NULL, 'string', NULL, '1331069') using metastore;
INSERT INTO pipeline_node_schema (id, column_name, column_alias, data_type, sql_expression, fk_pipeline_node_id) VALUES ('1331072', 'c_address', NULL, 'string', NULL, '1331069') using metastore;
INSERT INTO pipeline_node_schema (id, column_name, column_alias, data_type, sql_expression, fk_pipeline_node_id) VALUES ('1331073', 'c_nationkey', NULL, 'int', NULL, '1331069') using metastore;
INSERT INTO pipeline_node_schema (id, column_name, column_alias, data_type, sql_expression, fk_pipeline_node_id) VALUES ('1331074', 'c_phone', NULL, 'string', NULL, '1331069') using metastore;
INSERT INTO pipeline_node_schema (id, column_name, column_alias, data_type, sql_expression, fk_pipeline_node_id) VALUES ('1331075', 'c_acctbal', NULL, 'float', NULL, '1331069') using metastore;
INSERT INTO pipeline_node_schema (id, column_name, column_alias, data_type, sql_expression, fk_pipeline_node_id) VALUES ('1331076', 'c_mktsegment', NULL, 'string', NULL, '1331069') using metastore;
INSERT INTO pipeline_node_schema (id, column_name, column_alias, data_type, sql_expression, fk_pipeline_node_id) VALUES ('1331077', 'c_comment', NULL, 'string', NULL, '1331069') using metastore;
INSERT INTO pipeline_node_schema (id, column_name, column_alias, data_type, sql_expression, fk_pipeline_node_id) VALUES ('1331065', 'target', NULL, 'string', NULL, '1331064') using metastore;
INSERT INTO pipeline_node_schema (id, column_name, column_alias, data_type, sql_expression, fk_pipeline_node_id) VALUES ('1331066', 'start', NULL, 'timestamp', NULL, '1331064') using metastore;
INSERT INTO pipeline_node_schema (id, column_name, column_alias, data_type, sql_expression, fk_pipeline_node_id) VALUES ('1331067', 'end', NULL, 'timestamp', NULL, '1331064') using metastore;
INSERT INTO pipeline_node_schema (id, column_name, column_alias, data_type, sql_expression, fk_pipeline_node_id) VALUES ('1331047', 'c_custkey', NULL, 'int', NULL, '1331046') using metastore;
INSERT INTO pipeline_node_schema (id, column_name, column_alias, data_type, sql_expression, fk_pipeline_node_id) VALUES ('1331048', 'c_name', NULL, 'string', NULL, '1331046') using metastore;
INSERT INTO pipeline_node_schema (id, column_name, column_alias, data_type, sql_expression, fk_pipeline_node_id) VALUES ('1331049', 'c_address', NULL, 'string', NULL, '1331046') using metastore;
INSERT INTO pipeline_node_schema (id, column_name, column_alias, data_type, sql_expression, fk_pipeline_node_id) VALUES ('1331050', 'c_nationkey', NULL, 'int', NULL, '1331046') using metastore;
INSERT INTO pipeline_node_schema (id, column_name, column_alias, data_type, sql_expression, fk_pipeline_node_id) VALUES ('1331051', 'c_phone', NULL, 'string', NULL, '1331046') using metastore;
INSERT INTO pipeline_node_schema (id, column_name, column_alias, data_type, sql_expression, fk_pipeline_node_id) VALUES ('1331052', 'c_acctbal', NULL, 'float', NULL, '1331046') using metastore;
INSERT INTO pipeline_node_schema (id, column_name, column_alias, data_type, sql_expression, fk_pipeline_node_id) VALUES ('1331053', 'c_mktsegment', NULL, 'string', NULL, '1331046') using metastore;
INSERT INTO pipeline_node_schema (id, column_name, column_alias, data_type, sql_expression, fk_pipeline_node_id) VALUES ('1331054', 'c_comment', NULL, 'string', NULL, '1331046') using metastore;
INSERT INTO pipeline_node_schema (id, column_name, column_alias, data_type, sql_expression, fk_pipeline_node_id) VALUES ('1331056', 'c_custkey', NULL, 'int', NULL, '1331055') using metastore;
INSERT INTO pipeline_node_schema (id, column_name, column_alias, data_type, sql_expression, fk_pipeline_node_id) VALUES ('1331057', 'c_name', NULL, 'string', NULL, '1331055') using metastore;
INSERT INTO pipeline_node_schema (id, column_name, column_alias, data_type, sql_expression, fk_pipeline_node_id) VALUES ('1331058', 'c_address', NULL, 'string', NULL, '1331055') using metastore;
INSERT INTO pipeline_node_schema (id, column_name, column_alias, data_type, sql_expression, fk_pipeline_node_id) VALUES ('1331059', 'c_nationkey', NULL, 'int', NULL, '1331055') using metastore;
INSERT INTO pipeline_node_schema (id, column_name, column_alias, data_type, sql_expression, fk_pipeline_node_id) VALUES ('1331060', 'c_phone', NULL, 'string', NULL, '1331055') using metastore;
INSERT INTO pipeline_node_schema (id, column_name, column_alias, data_type, sql_expression, fk_pipeline_node_id) VALUES ('1331061', 'c_acctbal', NULL, 'float', NULL, '1331055') using metastore;
INSERT INTO pipeline_node_schema (id, column_name, column_alias, data_type, sql_expression, fk_pipeline_node_id) VALUES ('1331062', 'c_mktsegment', NULL, 'string', NULL, '1331055') using metastore;
INSERT INTO pipeline_node_schema (id, column_name, column_alias, data_type, sql_expression, fk_pipeline_node_id) VALUES ('1331063', 'c_comment', NULL, 'string', NULL, '1331055') using metastore;
INSERT INTO pipeline_node_schema (id, column_name, column_alias, data_type, sql_expression, fk_pipeline_node_id) VALUES ('1331079', 'c_custkey', NULL, 'int', NULL, '1331078') using metastore;
INSERT INTO pipeline_node_schema (id, column_name, column_alias, data_type, sql_expression, fk_pipeline_node_id) VALUES ('1331080', 'c_name', NULL, 'string', NULL, '1331078') using metastore;
INSERT INTO pipeline_node_schema (id, column_name, column_alias, data_type, sql_expression, fk_pipeline_node_id) VALUES ('1331081', 'c_address', NULL, 'string', NULL, '1331078') using metastore;
INSERT INTO pipeline_node_schema (id, column_name, column_alias, data_type, sql_expression, fk_pipeline_node_id) VALUES ('1331082', 'c_nationkey', NULL, 'int', NULL, '1331078') using metastore;
INSERT INTO pipeline_node_schema (id, column_name, column_alias, data_type, sql_expression, fk_pipeline_node_id) VALUES ('1331083', 'c_phone', NULL, 'string', NULL, '1331078') using metastore;
INSERT INTO pipeline_node_schema (id, column_name, column_alias, data_type, sql_expression, fk_pipeline_node_id) VALUES ('1331084', 'c_acctbal', NULL, 'float', NULL, '1331078') using metastore;
INSERT INTO pipeline_node_schema (id, column_name, column_alias, data_type, sql_expression, fk_pipeline_node_id) VALUES ('1331085', 'c_mktsegment', NULL, 'string', NULL, '1331078') using metastore;
INSERT INTO pipeline_node_schema (id, column_name, column_alias, data_type, sql_expression, fk_pipeline_node_id) VALUES ('1331086', 'c_comment', NULL, 'string', NULL, '1331078') using metastore;
INSERT INTO pipeline_projection (id, filter_expression, windows_spec, order_by) VALUES ('1331055', NULL, NULL, NULL) using metastore;
INSERT INTO pipeline_projection (id, filter_expression, windows_spec, order_by) VALUES ('1331078', NULL, NULL, NULL) using metastore;
INSERT INTO pipeline_coordinates (id, coordinates, fk_pipeline_relation_id) VALUES ('5fceae92-6d9a-4435-bbd6-8a9acaeca81e', '{"positions":[{"name":"azure_mssql_customer","type":"DataSource","xCord":"203px","yCord":"253px","isExpand":true},{"name":"projection_0","type":"Projection","xCord":"675px","yCord":"244px","isExpand":null},{"name":"migration_2","type":"Migration","xCord":"955px","yCord":"240px","isExpand":null}],"connections":[{"source":"azure_mssql_customer","target":"projection_0","targetType":0},{"source":"projection_0","target":"migration_2","targetType":0}]}', '1331068') using metastore;
INSERT INTO pipeline_coordinates (id, coordinates, fk_pipeline_relation_id) VALUES ('6ca243f1-c857-4b95-87b8-82026e9230fc', '{"positions":[{"name":"aws_orcl_customer","type":"DataSource","xCord":"170px","yCord":"180px","isExpand":true},{"name":"projection_0","type":"Projection","xCord":"532px","yCord":"172px","isExpand":null},{"name":"migration_1","type":"Migration","xCord":"738px","yCord":"125px","isExpand":null}],"connections":[{"source":"aws_orcl_customer","target":"projection_0","targetType":0},{"source":"projection_0","target":"migration_1","targetType":0}]}', '1331045') using metastore;