INSERT INTO pipeline_container (id, name, case_sensitive_name, description, fk_organisation_id) VALUES ('478225', 'demo', 'DEMO', NULL, '50702') using metastore;
INSERT INTO pipeline_relation (id, name, case_sensitive_name, description, fk_pipeline_container_id) VALUES ('1516229', 'test', 'test', NULL, '478225') using metastore;
INSERT INTO pipeline_relation (id, name, case_sensitive_name, description, fk_pipeline_container_id) VALUES ('955936', 'nohead', 'nohead', NULL, '478225') using metastore;
INSERT INTO pipeline_relation (id, name, case_sensitive_name, description, fk_pipeline_container_id) VALUES ('36308', 'mig_to_saas', 'mig_to_saas', '', '478225') using metastore;
INSERT INTO pipeline_relation (id, name, case_sensitive_name, description, fk_pipeline_container_id) VALUES ('478226', 'cust', 'cust', NULL, '478225') using metastore;
INSERT INTO pipeline_node (id, name, case_sensitive_name, description, fk_pipeline_relation_id, pipeline_type, sources) VALUES ('1516239', 'projection_0', 'projection_0', NULL, '1516229', 'PROJECTION', 'azure_mssql_customer') using metastore;
INSERT INTO pipeline_node (id, name, case_sensitive_name, description, fk_pipeline_relation_id, pipeline_type, sources) VALUES ('1516230', 'azure_mssql_customer', 'azure_mssql_customer', NULL, '1516229', 'DATASOURCE', 'AZURE_MSSQL.customer') using metastore;
INSERT INTO pipeline_node (id, name, case_sensitive_name, description, fk_pipeline_relation_id, pipeline_type, sources) VALUES ('478300', 'join_2', 'join_2', NULL, '478226', 'JOIN', NULL) using metastore;
INSERT INTO pipeline_node (id, name, case_sensitive_name, description, fk_pipeline_relation_id, pipeline_type, sources) VALUES ('478297', 'projection_1', 'projection_1', NULL, '478226', 'PROJECTION', NULL) using metastore;
INSERT INTO pipeline_node (id, name, case_sensitive_name, description, fk_pipeline_relation_id, pipeline_type, sources) VALUES ('478294', 'azure_mssql_nation', 'azure_mssql_nation', NULL, '478226', 'DATASOURCE', NULL) using metastore;
INSERT INTO pipeline_node (id, name, case_sensitive_name, description, fk_pipeline_relation_id, pipeline_type, sources) VALUES ('478290', 'projection_0', 'projection_0', NULL, '478226', 'PROJECTION', NULL) using metastore;
INSERT INTO pipeline_node (id, name, case_sensitive_name, description, fk_pipeline_relation_id, pipeline_type, sources) VALUES ('478287', 'azure_mssql_customer', 'azure_mssql_customer', NULL, '478226', 'DATASOURCE', NULL) using metastore;
INSERT INTO pipeline_node (id, name, case_sensitive_name, description, fk_pipeline_relation_id, pipeline_type, sources) VALUES ('36318', 'projection_0', 'projection_0', '', '36308', 'PROJECTION', NULL) using metastore;
INSERT INTO pipeline_node (id, name, case_sensitive_name, description, fk_pipeline_relation_id, pipeline_type, sources) VALUES ('36309', 'azure_mssql_customer', 'azure_mssql_customer', '', '36308', 'DATASOURCE', NULL) using metastore;
INSERT INTO pipeline_node (id, name, case_sensitive_name, description, fk_pipeline_relation_id, pipeline_type, sources) VALUES ('956026', 'projection_5', 'projection_5', NULL, '955936', 'PROJECTION', 'projection_4') using metastore;
INSERT INTO pipeline_node (id, name, case_sensitive_name, description, fk_pipeline_relation_id, pipeline_type, sources) VALUES ('956023', 'projection_4', 'projection_4', NULL, '955936', 'PROJECTION', 'projection_2') using metastore;
INSERT INTO pipeline_node (id, name, case_sensitive_name, description, fk_pipeline_relation_id, pipeline_type, sources) VALUES ('956018', 'projection_2', 'projection_2', NULL, '955936', 'PROJECTION', 'join_4') using metastore;
INSERT INTO pipeline_node (id, name, case_sensitive_name, description, fk_pipeline_relation_id, pipeline_type, sources) VALUES ('956014', 'join_4', 'join_4', NULL, '955936', 'JOIN', 'projection_1,projection_3') using metastore;
INSERT INTO pipeline_node (id, name, case_sensitive_name, description, fk_pipeline_relation_id, pipeline_type, sources) VALUES ('956011', 'projection_3', 'projection_3', NULL, '955936', 'PROJECTION', 'test_t1') using metastore;
INSERT INTO pipeline_node (id, name, case_sensitive_name, description, fk_pipeline_relation_id, pipeline_type, sources) VALUES ('956009', 'test_t1', 'test_t1', NULL, '955936', 'DATASOURCE', 'test.T1') using metastore;
INSERT INTO pipeline_node (id, name, case_sensitive_name, description, fk_pipeline_relation_id, pipeline_type, sources) VALUES ('956005', 'projection_1', 'projection_1', NULL, '955936', 'PROJECTION', 'projection_0') using metastore;
INSERT INTO pipeline_node (id, name, case_sensitive_name, description, fk_pipeline_relation_id, pipeline_type, sources) VALUES ('956001', 'projection_0', 'projection_0', NULL, '955936', 'PROJECTION', 'test_nohead') using metastore;
INSERT INTO pipeline_node (id, name, case_sensitive_name, description, fk_pipeline_relation_id, pipeline_type, sources) VALUES ('955997', 'test_nohead', 'test_nohead', NULL, '955936', 'DATASOURCE', 'test.nohead') using metastore;
INSERT INTO pipeline_node_schema (id, column_name, column_alias, data_type, sql_expression, fk_pipeline_node_id) VALUES ('36319', 'c_custkey', '', 'int', '', '36318') using metastore;
INSERT INTO pipeline_node_schema (id, column_name, column_alias, data_type, sql_expression, fk_pipeline_node_id) VALUES ('36320', 'c_name', '', 'string', '', '36318') using metastore;
INSERT INTO pipeline_node_schema (id, column_name, column_alias, data_type, sql_expression, fk_pipeline_node_id) VALUES ('36321', 'c_address', '', 'string', '', '36318') using metastore;
INSERT INTO pipeline_node_schema (id, column_name, column_alias, data_type, sql_expression, fk_pipeline_node_id) VALUES ('36322', 'c_nationkey', '', 'int', '', '36318') using metastore;
INSERT INTO pipeline_node_schema (id, column_name, column_alias, data_type, sql_expression, fk_pipeline_node_id) VALUES ('36323', 'c_phone', '', 'string', '', '36318') using metastore;
INSERT INTO pipeline_node_schema (id, column_name, column_alias, data_type, sql_expression, fk_pipeline_node_id) VALUES ('36324', 'c_acctbal', '', 'float', '', '36318') using metastore;
INSERT INTO pipeline_node_schema (id, column_name, column_alias, data_type, sql_expression, fk_pipeline_node_id) VALUES ('36325', 'c_mktsegment', '', 'string', '', '36318') using metastore;
INSERT INTO pipeline_node_schema (id, column_name, column_alias, data_type, sql_expression, fk_pipeline_node_id) VALUES ('36326', 'c_comment', '', 'string', '', '36318') using metastore;
INSERT INTO pipeline_node_schema (id, column_name, column_alias, data_type, sql_expression, fk_pipeline_node_id) VALUES ('36310', 'c_custkey', '', 'int', '', '36309') using metastore;
INSERT INTO pipeline_node_schema (id, column_name, column_alias, data_type, sql_expression, fk_pipeline_node_id) VALUES ('36311', 'c_name', '', 'string', '', '36309') using metastore;
INSERT INTO pipeline_node_schema (id, column_name, column_alias, data_type, sql_expression, fk_pipeline_node_id) VALUES ('36312', 'c_address', '', 'string', '', '36309') using metastore;
INSERT INTO pipeline_node_schema (id, column_name, column_alias, data_type, sql_expression, fk_pipeline_node_id) VALUES ('36313', 'c_nationkey', '', 'int', '', '36309') using metastore;
INSERT INTO pipeline_node_schema (id, column_name, column_alias, data_type, sql_expression, fk_pipeline_node_id) VALUES ('36314', 'c_phone', '', 'string', '', '36309') using metastore;
INSERT INTO pipeline_node_schema (id, column_name, column_alias, data_type, sql_expression, fk_pipeline_node_id) VALUES ('36315', 'c_acctbal', '', 'float', '', '36309') using metastore;
INSERT INTO pipeline_node_schema (id, column_name, column_alias, data_type, sql_expression, fk_pipeline_node_id) VALUES ('36316', 'c_mktsegment', '', 'string', '', '36309') using metastore;
INSERT INTO pipeline_node_schema (id, column_name, column_alias, data_type, sql_expression, fk_pipeline_node_id) VALUES ('36317', 'c_comment', '', 'string', '', '36309') using metastore;
INSERT INTO pipeline_node_schema (id, column_name, column_alias, data_type, sql_expression, fk_pipeline_node_id) VALUES ('1516231', 'c_custkey', NULL, 'int', NULL, '1516230') using metastore;
INSERT INTO pipeline_node_schema (id, column_name, column_alias, data_type, sql_expression, fk_pipeline_node_id) VALUES ('1516232', 'c_name', NULL, 'string', NULL, '1516230') using metastore;
INSERT INTO pipeline_node_schema (id, column_name, column_alias, data_type, sql_expression, fk_pipeline_node_id) VALUES ('1516233', 'c_address', NULL, 'string', NULL, '1516230') using metastore;
INSERT INTO pipeline_node_schema (id, column_name, column_alias, data_type, sql_expression, fk_pipeline_node_id) VALUES ('1516234', 'c_nationkey', NULL, 'int', NULL, '1516230') using metastore;
INSERT INTO pipeline_node_schema (id, column_name, column_alias, data_type, sql_expression, fk_pipeline_node_id) VALUES ('1516235', 'c_phone', NULL, 'string', NULL, '1516230') using metastore;
INSERT INTO pipeline_node_schema (id, column_name, column_alias, data_type, sql_expression, fk_pipeline_node_id) VALUES ('1516236', 'c_acctbal', NULL, 'float', NULL, '1516230') using metastore;
INSERT INTO pipeline_node_schema (id, column_name, column_alias, data_type, sql_expression, fk_pipeline_node_id) VALUES ('1516237', 'c_mktsegment', NULL, 'string', NULL, '1516230') using metastore;
INSERT INTO pipeline_node_schema (id, column_name, column_alias, data_type, sql_expression, fk_pipeline_node_id) VALUES ('1516238', 'c_comment', NULL, 'string', NULL, '1516230') using metastore;
INSERT INTO pipeline_node_schema (id, column_name, column_alias, data_type, sql_expression, fk_pipeline_node_id) VALUES ('1516240', 'c_custkey', NULL, 'int', NULL, '1516239') using metastore;
INSERT INTO pipeline_node_schema (id, column_name, column_alias, data_type, sql_expression, fk_pipeline_node_id) VALUES ('1516241', 'c_name', NULL, 'string', NULL, '1516239') using metastore;
INSERT INTO pipeline_node_schema (id, column_name, column_alias, data_type, sql_expression, fk_pipeline_node_id) VALUES ('1516242', 'c_address', NULL, 'string', NULL, '1516239') using metastore;
INSERT INTO pipeline_node_schema (id, column_name, column_alias, data_type, sql_expression, fk_pipeline_node_id) VALUES ('1516243', 'c_nationkey', NULL, 'int', NULL, '1516239') using metastore;
INSERT INTO pipeline_node_schema (id, column_name, column_alias, data_type, sql_expression, fk_pipeline_node_id) VALUES ('1516244', 'c_phone', NULL, 'string', NULL, '1516239') using metastore;
INSERT INTO pipeline_node_schema (id, column_name, column_alias, data_type, sql_expression, fk_pipeline_node_id) VALUES ('1516245', 'c_acctbal', NULL, 'float', NULL, '1516239') using metastore;
INSERT INTO pipeline_node_schema (id, column_name, column_alias, data_type, sql_expression, fk_pipeline_node_id) VALUES ('1516246', 'c_mktsegment', NULL, 'string', NULL, '1516239') using metastore;
INSERT INTO pipeline_node_schema (id, column_name, column_alias, data_type, sql_expression, fk_pipeline_node_id) VALUES ('1516247', 'c_comment', NULL, 'string', NULL, '1516239') using metastore;
INSERT INTO pipeline_node_schema (id, column_name, column_alias, data_type, sql_expression, fk_pipeline_node_id) VALUES ('956024', 'concat', NULL, 'string', NULL, '956023') using metastore;
INSERT INTO pipeline_node_schema (id, column_name, column_alias, data_type, sql_expression, fk_pipeline_node_id) VALUES ('956025', 'dummy', NULL, 'string', 'concat(concat,''2'')', '956023') using metastore;
INSERT INTO pipeline_node_schema (id, column_name, column_alias, data_type, sql_expression, fk_pipeline_node_id) VALUES ('956027', 'dummy', NULL, 'string', NULL, '956026') using metastore;
INSERT INTO pipeline_node_schema (id, column_name, column_alias, data_type, sql_expression, fk_pipeline_node_id) VALUES ('956002', 'abc', 'head1', 'string', NULL, '956001') using metastore;
INSERT INTO pipeline_node_schema (id, column_name, column_alias, data_type, sql_expression, fk_pipeline_node_id) VALUES ('956003', '1', 'head2', 'string', NULL, '956001') using metastore;
INSERT INTO pipeline_node_schema (id, column_name, column_alias, data_type, sql_expression, fk_pipeline_node_id) VALUES ('956004', '12/11/2023', 'head3', 'string', NULL, '956001') using metastore;
INSERT INTO pipeline_node_schema (id, column_name, column_alias, data_type, sql_expression, fk_pipeline_node_id) VALUES ('956010', '10513', NULL, 'string', NULL, '956009') using metastore;
INSERT INTO pipeline_node_schema (id, column_name, column_alias, data_type, sql_expression, fk_pipeline_node_id) VALUES ('956006', 'head2', NULL, 'string', NULL, '956005') using metastore;
INSERT INTO pipeline_node_schema (id, column_name, column_alias, data_type, sql_expression, fk_pipeline_node_id) VALUES ('956007', 'head3', NULL, 'string', NULL, '956005') using metastore;
INSERT INTO pipeline_node_schema (id, column_name, column_alias, data_type, sql_expression, fk_pipeline_node_id) VALUES ('956008', 'head22', NULL, 'int', 'cast(head2 as int)', '956005') using metastore;
INSERT INTO pipeline_node_schema (id, column_name, column_alias, data_type, sql_expression, fk_pipeline_node_id) VALUES ('956019', 'projection_1_head2', NULL, 'string', NULL, '956018') using metastore;
INSERT INTO pipeline_node_schema (id, column_name, column_alias, data_type, sql_expression, fk_pipeline_node_id) VALUES ('956020', 'projection_1_head3', NULL, 'string', NULL, '956018') using metastore;
INSERT INTO pipeline_node_schema (id, column_name, column_alias, data_type, sql_expression, fk_pipeline_node_id) VALUES ('956021', 'projection_3_cust_no', NULL, 'string', NULL, '956018') using metastore;
INSERT INTO pipeline_node_schema (id, column_name, column_alias, data_type, sql_expression, fk_pipeline_node_id) VALUES ('956022', 'concat', NULL, 'string', 'concat(projection_1_head2,projection_1_head3)', '956018') using metastore;
INSERT INTO pipeline_node_schema (id, column_name, column_alias, data_type, sql_expression, fk_pipeline_node_id) VALUES ('955998', 'abc', NULL, 'string', NULL, '955997') using metastore;
INSERT INTO pipeline_node_schema (id, column_name, column_alias, data_type, sql_expression, fk_pipeline_node_id) VALUES ('955999', '1', NULL, 'string', NULL, '955997') using metastore;
INSERT INTO pipeline_node_schema (id, column_name, column_alias, data_type, sql_expression, fk_pipeline_node_id) VALUES ('956000', '12/11/2023', NULL, 'string', NULL, '955997') using metastore;
INSERT INTO pipeline_node_schema (id, column_name, column_alias, data_type, sql_expression, fk_pipeline_node_id) VALUES ('956015', 'projection_1.head2', 'projection_1_head2', 'string', NULL, '956014') using metastore;
INSERT INTO pipeline_node_schema (id, column_name, column_alias, data_type, sql_expression, fk_pipeline_node_id) VALUES ('956016', 'projection_1.head3', 'projection_1_head3', 'string', NULL, '956014') using metastore;
INSERT INTO pipeline_node_schema (id, column_name, column_alias, data_type, sql_expression, fk_pipeline_node_id) VALUES ('956017', 'projection_3.cust_no', 'projection_3_cust_no', 'string', NULL, '956014') using metastore;
INSERT INTO pipeline_node_schema (id, column_name, column_alias, data_type, sql_expression, fk_pipeline_node_id) VALUES ('956012', '10513', 'cust_no', 'string', NULL, '956011') using metastore;
INSERT INTO pipeline_node_schema (id, column_name, column_alias, data_type, sql_expression, fk_pipeline_node_id) VALUES ('956013', 'dummy', NULL, 'int', '2', '956011') using metastore;
INSERT INTO pipeline_node_schema (id, column_name, column_alias, data_type, sql_expression, fk_pipeline_node_id) VALUES ('478295', 'n_name', NULL, 'string', NULL, '478294') using metastore;
INSERT INTO pipeline_node_schema (id, column_name, column_alias, data_type, sql_expression, fk_pipeline_node_id) VALUES ('478296', 'n_nationkey', NULL, 'int', NULL, '478294') using metastore;
INSERT INTO pipeline_node_schema (id, column_name, column_alias, data_type, sql_expression, fk_pipeline_node_id) VALUES ('478298', 'n_name', NULL, 'string', NULL, '478297') using metastore;
INSERT INTO pipeline_node_schema (id, column_name, column_alias, data_type, sql_expression, fk_pipeline_node_id) VALUES ('478299', 'n_nationkey', NULL, 'int', NULL, '478297') using metastore;
INSERT INTO pipeline_node_schema (id, column_name, column_alias, data_type, sql_expression, fk_pipeline_node_id) VALUES ('478291', 'c_name', NULL, 'string', NULL, '478290') using metastore;
INSERT INTO pipeline_node_schema (id, column_name, column_alias, data_type, sql_expression, fk_pipeline_node_id) VALUES ('478292', 'c_nationkey', NULL, 'int', NULL, '478290') using metastore;
INSERT INTO pipeline_node_schema (id, column_name, column_alias, data_type, sql_expression, fk_pipeline_node_id) VALUES ('478293', 'dummy', NULL, 'string', '''1''', '478290') using metastore;
INSERT INTO pipeline_node_schema (id, column_name, column_alias, data_type, sql_expression, fk_pipeline_node_id) VALUES ('478288', 'c_name', NULL, 'string', NULL, '478287') using metastore;
INSERT INTO pipeline_node_schema (id, column_name, column_alias, data_type, sql_expression, fk_pipeline_node_id) VALUES ('478289', 'c_nationkey', NULL, 'int', NULL, '478287') using metastore;
INSERT INTO pipeline_node_schema (id, column_name, column_alias, data_type, sql_expression, fk_pipeline_node_id) VALUES ('478301', 'projection_0.c_name', 'projection_0_c_name', 'string', NULL, '478300') using metastore;
INSERT INTO pipeline_node_schema (id, column_name, column_alias, data_type, sql_expression, fk_pipeline_node_id) VALUES ('478302', 'projection_0.c_nationkey', 'projection_0_c_nationkey', 'int', NULL, '478300') using metastore;
INSERT INTO pipeline_node_schema (id, column_name, column_alias, data_type, sql_expression, fk_pipeline_node_id) VALUES ('478303', 'projection_1.n_name', 'projection_1_n_name', 'string', NULL, '478300') using metastore;
INSERT INTO pipeline_node_schema (id, column_name, column_alias, data_type, sql_expression, fk_pipeline_node_id) VALUES ('478304', 'projection_1.n_nationkey', 'projection_1_n_nationkey', 'int', NULL, '478300') using metastore;