INSERT INTO pipeline_container (id, name, case_sensitive_name, description, fk_organisation_id) VALUES ('352260', 'dynamics365', 'DYNAMICS365', NULL, '50702') using metastore;
INSERT INTO pipeline_relation (id, name, case_sensitive_name, description, fk_pipeline_container_id) VALUES ('352753', 'contact_details', 'contact_details', NULL, '352260') using metastore;
INSERT INTO pipeline_node (id, name, case_sensitive_name, description, fk_pipeline_relation_id, pipeline_type, sources) VALUES ('380215', 'projection_4', 'projection_4', NULL, '352753', 'PROJECTION', NULL) using metastore;
INSERT INTO pipeline_node (id, name, case_sensitive_name, description, fk_pipeline_relation_id, pipeline_type, sources) VALUES ('380201', 'join_3', 'join_3', NULL, '352753', 'JOIN', NULL) using metastore;
INSERT INTO pipeline_node (id, name, case_sensitive_name, description, fk_pipeline_relation_id, pipeline_type, sources) VALUES ('380184', 'join_2', 'join_2', NULL, '352753', 'JOIN', NULL) using metastore;
INSERT INTO pipeline_node (id, name, case_sensitive_name, description, fk_pipeline_relation_id, pipeline_type, sources) VALUES ('380181', 'oracle_family_status_code', 'oracle_family_status_code', NULL, '352753', 'DATASOURCE', NULL) using metastore;
INSERT INTO pipeline_node (id, name, case_sensitive_name, description, fk_pipeline_relation_id, pipeline_type, sources) VALUES ('380164', 'projection_1', 'projection_1', NULL, '352753', 'PROJECTION', NULL) using metastore;
INSERT INTO pipeline_node (id, name, case_sensitive_name, description, fk_pipeline_relation_id, pipeline_type, sources) VALUES ('379959', 'sqltable_0', 'sqltable_0', NULL, '352753', 'SQLTable', NULL) using metastore;
INSERT INTO pipeline_node (id, name, case_sensitive_name, description, fk_pipeline_relation_id, pipeline_type, sources) VALUES ('379956', 'oracle_gender_status_code', 'oracle_gender_status_code', NULL, '352753', 'DATASOURCE', NULL) using metastore;
INSERT INTO pipeline_sqltable (id, source_tables, sql_query) VALUES ('379959', NULL, 'select * from DYNAMICS365_CONTACTS') using metastore;
INSERT INTO pipeline_datasource (id, datasource_table) VALUES ('380181', '`ORACLE`.`FAMILY_STATUS_CODE`') using metastore;
INSERT INTO pipeline_datasource (id, datasource_table) VALUES ('379956', '`ORACLE`.`GENDER_STATUS_CODE`') using metastore;
INSERT INTO pipeline_join (id, join_tables, join_predicate, filter_expression, order_by) VALUES ('380184', 'projection_1,oracle_family_status_code', '(projection_1.familystatuscode = oracle_family_status_code.CODE)', NULL, NULL) using metastore;
INSERT INTO pipeline_join (id, join_tables, join_predicate, filter_expression, order_by) VALUES ('380201', 'oracle_gender_status_code,join_2', '(oracle_gender_status_code.CODE = join_2.projection_1_gendercode)', NULL, NULL) using metastore;
INSERT INTO pipeline_node_schema (id, column_name, column_alias, data_type, sql_expression, fk_pipeline_node_id) VALUES ('380216', 'join_2_projection_1__msdyn_contactkpiid_value', 'contact_piid', '"string"', NULL, '380215') using metastore;
INSERT INTO pipeline_node_schema (id, column_name, column_alias, data_type, sql_expression, fk_pipeline_node_id) VALUES ('380217', 'join_2_projection_1_address1_addressid', 'address_id', '"string"', NULL, '380215') using metastore;
INSERT INTO pipeline_node_schema (id, column_name, column_alias, data_type, sql_expression, fk_pipeline_node_id) VALUES ('380218', 'join_2_projection_1_contactid', 'contact_id', '"string"', NULL, '380215') using metastore;
INSERT INTO pipeline_node_schema (id, column_name, column_alias, data_type, sql_expression, fk_pipeline_node_id) VALUES ('380219', 'join_2_projection_1_creditlimit', 'credit_limit', '"double"', NULL, '380215') using metastore;
INSERT INTO pipeline_node_schema (id, column_name, column_alias, data_type, sql_expression, fk_pipeline_node_id) VALUES ('380220', 'join_2_projection_1_emailaddress1', 'emailaddress1', '"string"', NULL, '380215') using metastore;
INSERT INTO pipeline_node_schema (id, column_name, column_alias, data_type, sql_expression, fk_pipeline_node_id) VALUES ('380221', 'join_2_projection_1_firstname', 'first_name', '"string"', NULL, '380215') using metastore;
INSERT INTO pipeline_node_schema (id, column_name, column_alias, data_type, sql_expression, fk_pipeline_node_id) VALUES ('380222', 'join_2_projection_1_jobtitle', 'job_title', '"string"', NULL, '380215') using metastore;
INSERT INTO pipeline_node_schema (id, column_name, column_alias, data_type, sql_expression, fk_pipeline_node_id) VALUES ('380223', 'join_2_projection_1_lastname', 'last_name', '"string"', NULL, '380215') using metastore;
INSERT INTO pipeline_node_schema (id, column_name, column_alias, data_type, sql_expression, fk_pipeline_node_id) VALUES ('380224', 'join_2_projection_1_mobilephone', 'mobile_phone', '"string"', NULL, '380215') using metastore;
INSERT INTO pipeline_node_schema (id, column_name, column_alias, data_type, sql_expression, fk_pipeline_node_id) VALUES ('380225', 'join_2_projection_1_spousesname', 'spouse_name', '"string"', NULL, '380215') using metastore;
INSERT INTO pipeline_node_schema (id, column_name, column_alias, data_type, sql_expression, fk_pipeline_node_id) VALUES ('380226', 'join_2_oracle_family_status_code_FAMILY_STATUS', 'family_status', 'string', NULL, '380215') using metastore;
INSERT INTO pipeline_node_schema (id, column_name, column_alias, data_type, sql_expression, fk_pipeline_node_id) VALUES ('380227', 'oracle_gender_status_code_GENDER', 'gender', 'string', NULL, '380215') using metastore;
INSERT INTO pipeline_node_schema (id, column_name, column_alias, data_type, sql_expression, fk_pipeline_node_id) VALUES ('380228', 'birth_date', NULL, 'date', 'CAST(join_2_projection_1_birthdate AS DATE)', '380215') using metastore;
INSERT INTO pipeline_node_schema (id, column_name, column_alias, data_type, sql_expression, fk_pipeline_node_id) VALUES ('380229', 'age', NULL, 'int', 'CAST(CAST(datediff(current_date(), CAST(join_2_projection_1_birthdate AS DATE)) / 365.25 AS FLOAT) AS INT)', '380215') using metastore;
INSERT INTO pipeline_node_schema (id, column_name, column_alias, data_type, sql_expression, fk_pipeline_node_id) VALUES ('379960', '@odata.etag', '@odata.etag', '"string"', NULL, '379959') using metastore;
INSERT INTO pipeline_node_schema (id, column_name, column_alias, data_type, sql_expression, fk_pipeline_node_id) VALUES ('379961', '_accountid_value', '_accountid_value', '"string"', NULL, '379959') using metastore;
INSERT INTO pipeline_node_schema (id, column_name, column_alias, data_type, sql_expression, fk_pipeline_node_id) VALUES ('379962', '_createdby_value', '_createdby_value', '"string"', NULL, '379959') using metastore;
INSERT INTO pipeline_node_schema (id, column_name, column_alias, data_type, sql_expression, fk_pipeline_node_id) VALUES ('379963', '_createdbyexternalparty_value', '_createdbyexternalparty_value', '"string"', NULL, '379959') using metastore;
INSERT INTO pipeline_node_schema (id, column_name, column_alias, data_type, sql_expression, fk_pipeline_node_id) VALUES ('379964', '_createdonbehalfby_value', '_createdonbehalfby_value', '"string"', NULL, '379959') using metastore;
INSERT INTO pipeline_node_schema (id, column_name, column_alias, data_type, sql_expression, fk_pipeline_node_id) VALUES ('379965', '_defaultpricelevelid_value', '_defaultpricelevelid_value', '"string"', NULL, '379959') using metastore;
INSERT INTO pipeline_node_schema (id, column_name, column_alias, data_type, sql_expression, fk_pipeline_node_id) VALUES ('379966', '_masterid_value', '_masterid_value', '"string"', NULL, '379959') using metastore;
INSERT INTO pipeline_node_schema (id, column_name, column_alias, data_type, sql_expression, fk_pipeline_node_id) VALUES ('379967', '_modifiedby_value', '_modifiedby_value', '"string"', NULL, '379959') using metastore;
INSERT INTO pipeline_node_schema (id, column_name, column_alias, data_type, sql_expression, fk_pipeline_node_id) VALUES ('379968', '_modifiedbyexternalparty_value', '_modifiedbyexternalparty_value', '"string"', NULL, '379959') using metastore;
INSERT INTO pipeline_node_schema (id, column_name, column_alias, data_type, sql_expression, fk_pipeline_node_id) VALUES ('379969', '_modifiedonbehalfby_value', '_modifiedonbehalfby_value', '"string"', NULL, '379959') using metastore;
INSERT INTO pipeline_node_schema (id, column_name, column_alias, data_type, sql_expression, fk_pipeline_node_id) VALUES ('379970', '_msdyn_contactkpiid_value', '_msdyn_contactkpiid_value', '"string"', NULL, '379959') using metastore;
INSERT INTO pipeline_node_schema (id, column_name, column_alias, data_type, sql_expression, fk_pipeline_node_id) VALUES ('379971', '_originatingleadid_value', '_originatingleadid_value', '"string"', NULL, '379959') using metastore;
INSERT INTO pipeline_node_schema (id, column_name, column_alias, data_type, sql_expression, fk_pipeline_node_id) VALUES ('379972', '_ownerid_value', '_ownerid_value', '"string"', NULL, '379959') using metastore;
INSERT INTO pipeline_node_schema (id, column_name, column_alias, data_type, sql_expression, fk_pipeline_node_id) VALUES ('379973', '_owningbusinessunit_value', '_owningbusinessunit_value', '"string"', NULL, '379959') using metastore;
INSERT INTO pipeline_node_schema (id, column_name, column_alias, data_type, sql_expression, fk_pipeline_node_id) VALUES ('379974', '_owningteam_value', '_owningteam_value', '"string"', NULL, '379959') using metastore;
INSERT INTO pipeline_node_schema (id, column_name, column_alias, data_type, sql_expression, fk_pipeline_node_id) VALUES ('379975', '_owninguser_value', '_owninguser_value', '"string"', NULL, '379959') using metastore;
INSERT INTO pipeline_node_schema (id, column_name, column_alias, data_type, sql_expression, fk_pipeline_node_id) VALUES ('379976', '_parentcontactid_value', '_parentcontactid_value', '"string"', NULL, '379959') using metastore;
INSERT INTO pipeline_node_schema (id, column_name, column_alias, data_type, sql_expression, fk_pipeline_node_id) VALUES ('379977', '_parentcustomerid_value', '_parentcustomerid_value', '"string"', NULL, '379959') using metastore;
INSERT INTO pipeline_node_schema (id, column_name, column_alias, data_type, sql_expression, fk_pipeline_node_id) VALUES ('379978', '_preferredequipmentid_value', '_preferredequipmentid_value', '"string"', NULL, '379959') using metastore;
INSERT INTO pipeline_node_schema (id, column_name, column_alias, data_type, sql_expression, fk_pipeline_node_id) VALUES ('379979', '_preferredserviceid_value', '_preferredserviceid_value', '"string"', NULL, '379959') using metastore;
INSERT INTO pipeline_node_schema (id, column_name, column_alias, data_type, sql_expression, fk_pipeline_node_id) VALUES ('379980', '_preferredsystemuserid_value', '_preferredsystemuserid_value', '"string"', NULL, '379959') using metastore;
INSERT INTO pipeline_node_schema (id, column_name, column_alias, data_type, sql_expression, fk_pipeline_node_id) VALUES ('379981', '_slaid_value', '_slaid_value', '"string"', NULL, '379959') using metastore;
INSERT INTO pipeline_node_schema (id, column_name, column_alias, data_type, sql_expression, fk_pipeline_node_id) VALUES ('379982', '_slainvokedid_value', '_slainvokedid_value', '"string"', NULL, '379959') using metastore;
INSERT INTO pipeline_node_schema (id, column_name, column_alias, data_type, sql_expression, fk_pipeline_node_id) VALUES ('379983', '_transactioncurrencyid_value', '_transactioncurrencyid_value', '"string"', NULL, '379959') using metastore;
INSERT INTO pipeline_node_schema (id, column_name, column_alias, data_type, sql_expression, fk_pipeline_node_id) VALUES ('379984', 'accountrolecode', 'accountrolecode', '"string"', NULL, '379959') using metastore;
INSERT INTO pipeline_node_schema (id, column_name, column_alias, data_type, sql_expression, fk_pipeline_node_id) VALUES ('379985', 'address1_addressid', 'address1_addressid', '"string"', NULL, '379959') using metastore;
INSERT INTO pipeline_node_schema (id, column_name, column_alias, data_type, sql_expression, fk_pipeline_node_id) VALUES ('379986', 'address1_addresstypecode', 'address1_addresstypecode', '"string"', NULL, '379959') using metastore;
INSERT INTO pipeline_node_schema (id, column_name, column_alias, data_type, sql_expression, fk_pipeline_node_id) VALUES ('379987', 'address1_city', 'address1_city', '"string"', NULL, '379959') using metastore;
INSERT INTO pipeline_node_schema (id, column_name, column_alias, data_type, sql_expression, fk_pipeline_node_id) VALUES ('379988', 'address1_composite', 'address1_composite', '"string"', NULL, '379959') using metastore;
INSERT INTO pipeline_node_schema (id, column_name, column_alias, data_type, sql_expression, fk_pipeline_node_id) VALUES ('379989', 'address1_country', 'address1_country', '"string"', NULL, '379959') using metastore;
INSERT INTO pipeline_node_schema (id, column_name, column_alias, data_type, sql_expression, fk_pipeline_node_id) VALUES ('379990', 'address1_county', 'address1_county', '"string"', NULL, '379959') using metastore;
INSERT INTO pipeline_node_schema (id, column_name, column_alias, data_type, sql_expression, fk_pipeline_node_id) VALUES ('379991', 'address1_fax', 'address1_fax', '"string"', NULL, '379959') using metastore;
INSERT INTO pipeline_node_schema (id, column_name, column_alias, data_type, sql_expression, fk_pipeline_node_id) VALUES ('379992', 'address1_freighttermscode', 'address1_freighttermscode', '"string"', NULL, '379959') using metastore;
INSERT INTO pipeline_node_schema (id, column_name, column_alias, data_type, sql_expression, fk_pipeline_node_id) VALUES ('379993', 'address1_latitude', 'address1_latitude', '"string"', NULL, '379959') using metastore;
INSERT INTO pipeline_node_schema (id, column_name, column_alias, data_type, sql_expression, fk_pipeline_node_id) VALUES ('379994', 'address1_line1', 'address1_line1', '"string"', NULL, '379959') using metastore;
INSERT INTO pipeline_node_schema (id, column_name, column_alias, data_type, sql_expression, fk_pipeline_node_id) VALUES ('379995', 'address1_line2', 'address1_line2', '"string"', NULL, '379959') using metastore;
INSERT INTO pipeline_node_schema (id, column_name, column_alias, data_type, sql_expression, fk_pipeline_node_id) VALUES ('379996', 'address1_line3', 'address1_line3', '"string"', NULL, '379959') using metastore;
INSERT INTO pipeline_node_schema (id, column_name, column_alias, data_type, sql_expression, fk_pipeline_node_id) VALUES ('379997', 'address1_longitude', 'address1_longitude', '"string"', NULL, '379959') using metastore;
INSERT INTO pipeline_node_schema (id, column_name, column_alias, data_type, sql_expression, fk_pipeline_node_id) VALUES ('379998', 'address1_name', 'address1_name', '"string"', NULL, '379959') using metastore;
INSERT INTO pipeline_node_schema (id, column_name, column_alias, data_type, sql_expression, fk_pipeline_node_id) VALUES ('379999', 'address1_postalcode', 'address1_postalcode', '"string"', NULL, '379959') using metastore;
INSERT INTO pipeline_node_schema (id, column_name, column_alias, data_type, sql_expression, fk_pipeline_node_id) VALUES ('380000', 'address1_postofficebox', 'address1_postofficebox', '"string"', NULL, '379959') using metastore;
INSERT INTO pipeline_node_schema (id, column_name, column_alias, data_type, sql_expression, fk_pipeline_node_id) VALUES ('380001', 'address1_primarycontactname', 'address1_primarycontactname', '"string"', NULL, '379959') using metastore;
INSERT INTO pipeline_node_schema (id, column_name, column_alias, data_type, sql_expression, fk_pipeline_node_id) VALUES ('380002', 'address1_shippingmethodcode', 'address1_shippingmethodcode', '"string"', NULL, '379959') using metastore;
INSERT INTO pipeline_node_schema (id, column_name, column_alias, data_type, sql_expression, fk_pipeline_node_id) VALUES ('380003', 'address1_stateorprovince', 'address1_stateorprovince', '"string"', NULL, '379959') using metastore;
INSERT INTO pipeline_node_schema (id, column_name, column_alias, data_type, sql_expression, fk_pipeline_node_id) VALUES ('380004', 'address1_telephone1', 'address1_telephone1', '"string"', NULL, '379959') using metastore;
INSERT INTO pipeline_node_schema (id, column_name, column_alias, data_type, sql_expression, fk_pipeline_node_id) VALUES ('380005', 'address1_telephone2', 'address1_telephone2', '"string"', NULL, '379959') using metastore;
INSERT INTO pipeline_node_schema (id, column_name, column_alias, data_type, sql_expression, fk_pipeline_node_id) VALUES ('380006', 'address1_telephone3', 'address1_telephone3', '"string"', NULL, '379959') using metastore;
INSERT INTO pipeline_node_schema (id, column_name, column_alias, data_type, sql_expression, fk_pipeline_node_id) VALUES ('380007', 'address1_upszone', 'address1_upszone', '"string"', NULL, '379959') using metastore;
INSERT INTO pipeline_node_schema (id, column_name, column_alias, data_type, sql_expression, fk_pipeline_node_id) VALUES ('380008', 'address1_utcoffset', 'address1_utcoffset', '"string"', NULL, '379959') using metastore;
INSERT INTO pipeline_node_schema (id, column_name, column_alias, data_type, sql_expression, fk_pipeline_node_id) VALUES ('380009', 'address2_addressid', 'address2_addressid', '"string"', NULL, '379959') using metastore;
INSERT INTO pipeline_node_schema (id, column_name, column_alias, data_type, sql_expression, fk_pipeline_node_id) VALUES ('380010', 'address2_addresstypecode', 'address2_addresstypecode', '"long"', NULL, '379959') using metastore;
INSERT INTO pipeline_node_schema (id, column_name, column_alias, data_type, sql_expression, fk_pipeline_node_id) VALUES ('380011', 'address2_city', 'address2_city', '"string"', NULL, '379959') using metastore;
INSERT INTO pipeline_node_schema (id, column_name, column_alias, data_type, sql_expression, fk_pipeline_node_id) VALUES ('380012', 'address2_composite', 'address2_composite', '"string"', NULL, '379959') using metastore;
INSERT INTO pipeline_node_schema (id, column_name, column_alias, data_type, sql_expression, fk_pipeline_node_id) VALUES ('380013', 'address2_country', 'address2_country', '"string"', NULL, '379959') using metastore;
INSERT INTO pipeline_node_schema (id, column_name, column_alias, data_type, sql_expression, fk_pipeline_node_id) VALUES ('380014', 'address2_county', 'address2_county', '"string"', NULL, '379959') using metastore;
INSERT INTO pipeline_node_schema (id, column_name, column_alias, data_type, sql_expression, fk_pipeline_node_id) VALUES ('380015', 'address2_fax', 'address2_fax', '"string"', NULL, '379959') using metastore;
INSERT INTO pipeline_node_schema (id, column_name, column_alias, data_type, sql_expression, fk_pipeline_node_id) VALUES ('380016', 'address2_freighttermscode', 'address2_freighttermscode', '"long"', NULL, '379959') using metastore;
INSERT INTO pipeline_node_schema (id, column_name, column_alias, data_type, sql_expression, fk_pipeline_node_id) VALUES ('380017', 'address2_latitude', 'address2_latitude', '"string"', NULL, '379959') using metastore;
INSERT INTO pipeline_node_schema (id, column_name, column_alias, data_type, sql_expression, fk_pipeline_node_id) VALUES ('380018', 'address2_line1', 'address2_line1', '"string"', NULL, '379959') using metastore;
INSERT INTO pipeline_node_schema (id, column_name, column_alias, data_type, sql_expression, fk_pipeline_node_id) VALUES ('380019', 'address2_line2', 'address2_line2', '"string"', NULL, '379959') using metastore;
INSERT INTO pipeline_node_schema (id, column_name, column_alias, data_type, sql_expression, fk_pipeline_node_id) VALUES ('380020', 'address2_line3', 'address2_line3', '"string"', NULL, '379959') using metastore;
INSERT INTO pipeline_node_schema (id, column_name, column_alias, data_type, sql_expression, fk_pipeline_node_id) VALUES ('380021', 'address2_longitude', 'address2_longitude', '"string"', NULL, '379959') using metastore;
INSERT INTO pipeline_node_schema (id, column_name, column_alias, data_type, sql_expression, fk_pipeline_node_id) VALUES ('380022', 'address2_name', 'address2_name', '"string"', NULL, '379959') using metastore;
INSERT INTO pipeline_node_schema (id, column_name, column_alias, data_type, sql_expression, fk_pipeline_node_id) VALUES ('380023', 'address2_postalcode', 'address2_postalcode', '"string"', NULL, '379959') using metastore;
INSERT INTO pipeline_node_schema (id, column_name, column_alias, data_type, sql_expression, fk_pipeline_node_id) VALUES ('380024', 'address2_postofficebox', 'address2_postofficebox', '"string"', NULL, '379959') using metastore;
INSERT INTO pipeline_node_schema (id, column_name, column_alias, data_type, sql_expression, fk_pipeline_node_id) VALUES ('380025', 'address2_primarycontactname', 'address2_primarycontactname', '"string"', NULL, '379959') using metastore;
INSERT INTO pipeline_node_schema (id, column_name, column_alias, data_type, sql_expression, fk_pipeline_node_id) VALUES ('380026', 'address2_shippingmethodcode', 'address2_shippingmethodcode', '"long"', NULL, '379959') using metastore;
INSERT INTO pipeline_node_schema (id, column_name, column_alias, data_type, sql_expression, fk_pipeline_node_id) VALUES ('380027', 'address2_stateorprovince', 'address2_stateorprovince', '"string"', NULL, '379959') using metastore;
INSERT INTO pipeline_node_schema (id, column_name, column_alias, data_type, sql_expression, fk_pipeline_node_id) VALUES ('380028', 'address2_telephone1', 'address2_telephone1', '"string"', NULL, '379959') using metastore;
INSERT INTO pipeline_node_schema (id, column_name, column_alias, data_type, sql_expression, fk_pipeline_node_id) VALUES ('380029', 'address2_telephone2', 'address2_telephone2', '"string"', NULL, '379959') using metastore;
INSERT INTO pipeline_node_schema (id, column_name, column_alias, data_type, sql_expression, fk_pipeline_node_id) VALUES ('380030', 'address2_telephone3', 'address2_telephone3', '"string"', NULL, '379959') using metastore;
INSERT INTO pipeline_node_schema (id, column_name, column_alias, data_type, sql_expression, fk_pipeline_node_id) VALUES ('380031', 'address2_upszone', 'address2_upszone', '"string"', NULL, '379959') using metastore;
INSERT INTO pipeline_node_schema (id, column_name, column_alias, data_type, sql_expression, fk_pipeline_node_id) VALUES ('380032', 'address2_utcoffset', 'address2_utcoffset', '"string"', NULL, '379959') using metastore;
INSERT INTO pipeline_node_schema (id, column_name, column_alias, data_type, sql_expression, fk_pipeline_node_id) VALUES ('380033', 'address3_addressid', 'address3_addressid', '"string"', NULL, '379959') using metastore;
INSERT INTO pipeline_node_schema (id, column_name, column_alias, data_type, sql_expression, fk_pipeline_node_id) VALUES ('380034', 'address3_addresstypecode', 'address3_addresstypecode', '"string"', NULL, '379959') using metastore;
INSERT INTO pipeline_node_schema (id, column_name, column_alias, data_type, sql_expression, fk_pipeline_node_id) VALUES ('380035', 'address3_city', 'address3_city', '"string"', NULL, '379959') using metastore;
INSERT INTO pipeline_node_schema (id, column_name, column_alias, data_type, sql_expression, fk_pipeline_node_id) VALUES ('380036', 'address3_composite', 'address3_composite', '"string"', NULL, '379959') using metastore;
INSERT INTO pipeline_node_schema (id, column_name, column_alias, data_type, sql_expression, fk_pipeline_node_id) VALUES ('380037', 'address3_country', 'address3_country', '"string"', NULL, '379959') using metastore;
INSERT INTO pipeline_node_schema (id, column_name, column_alias, data_type, sql_expression, fk_pipeline_node_id) VALUES ('380038', 'address3_county', 'address3_county', '"string"', NULL, '379959') using metastore;
INSERT INTO pipeline_node_schema (id, column_name, column_alias, data_type, sql_expression, fk_pipeline_node_id) VALUES ('380039', 'address3_fax', 'address3_fax', '"string"', NULL, '379959') using metastore;
INSERT INTO pipeline_node_schema (id, column_name, column_alias, data_type, sql_expression, fk_pipeline_node_id) VALUES ('380040', 'address3_freighttermscode', 'address3_freighttermscode', '"string"', NULL, '379959') using metastore;
INSERT INTO pipeline_node_schema (id, column_name, column_alias, data_type, sql_expression, fk_pipeline_node_id) VALUES ('380041', 'address3_latitude', 'address3_latitude', '"string"', NULL, '379959') using metastore;
INSERT INTO pipeline_node_schema (id, column_name, column_alias, data_type, sql_expression, fk_pipeline_node_id) VALUES ('380042', 'address3_line1', 'address3_line1', '"string"', NULL, '379959') using metastore;
INSERT INTO pipeline_node_schema (id, column_name, column_alias, data_type, sql_expression, fk_pipeline_node_id) VALUES ('380043', 'address3_line2', 'address3_line2', '"string"', NULL, '379959') using metastore;
INSERT INTO pipeline_node_schema (id, column_name, column_alias, data_type, sql_expression, fk_pipeline_node_id) VALUES ('380044', 'address3_line3', 'address3_line3', '"string"', NULL, '379959') using metastore;
INSERT INTO pipeline_node_schema (id, column_name, column_alias, data_type, sql_expression, fk_pipeline_node_id) VALUES ('380045', 'address3_longitude', 'address3_longitude', '"string"', NULL, '379959') using metastore;
INSERT INTO pipeline_node_schema (id, column_name, column_alias, data_type, sql_expression, fk_pipeline_node_id) VALUES ('380046', 'address3_name', 'address3_name', '"string"', NULL, '379959') using metastore;
INSERT INTO pipeline_node_schema (id, column_name, column_alias, data_type, sql_expression, fk_pipeline_node_id) VALUES ('380047', 'address3_postalcode', 'address3_postalcode', '"string"', NULL, '379959') using metastore;
INSERT INTO pipeline_node_schema (id, column_name, column_alias, data_type, sql_expression, fk_pipeline_node_id) VALUES ('380048', 'address3_postofficebox', 'address3_postofficebox', '"string"', NULL, '379959') using metastore;
INSERT INTO pipeline_node_schema (id, column_name, column_alias, data_type, sql_expression, fk_pipeline_node_id) VALUES ('380049', 'address3_primarycontactname', 'address3_primarycontactname', '"string"', NULL, '379959') using metastore;
INSERT INTO pipeline_node_schema (id, column_name, column_alias, data_type, sql_expression, fk_pipeline_node_id) VALUES ('380050', 'address3_shippingmethodcode', 'address3_shippingmethodcode', '"string"', NULL, '379959') using metastore;
INSERT INTO pipeline_node_schema (id, column_name, column_alias, data_type, sql_expression, fk_pipeline_node_id) VALUES ('380051', 'address3_stateorprovince', 'address3_stateorprovince', '"string"', NULL, '379959') using metastore;
INSERT INTO pipeline_node_schema (id, column_name, column_alias, data_type, sql_expression, fk_pipeline_node_id) VALUES ('380052', 'address3_telephone1', 'address3_telephone1', '"string"', NULL, '379959') using metastore;
INSERT INTO pipeline_node_schema (id, column_name, column_alias, data_type, sql_expression, fk_pipeline_node_id) VALUES ('380053', 'address3_telephone2', 'address3_telephone2', '"string"', NULL, '379959') using metastore;
INSERT INTO pipeline_node_schema (id, column_name, column_alias, data_type, sql_expression, fk_pipeline_node_id) VALUES ('380054', 'address3_telephone3', 'address3_telephone3', '"string"', NULL, '379959') using metastore;
INSERT INTO pipeline_node_schema (id, column_name, column_alias, data_type, sql_expression, fk_pipeline_node_id) VALUES ('380055', 'address3_upszone', 'address3_upszone', '"string"', NULL, '379959') using metastore;
INSERT INTO pipeline_node_schema (id, column_name, column_alias, data_type, sql_expression, fk_pipeline_node_id) VALUES ('380056', 'address3_utcoffset', 'address3_utcoffset', '"string"', NULL, '379959') using metastore;
INSERT INTO pipeline_node_schema (id, column_name, column_alias, data_type, sql_expression, fk_pipeline_node_id) VALUES ('380057', 'aging30', 'aging30', '"string"', NULL, '379959') using metastore;
INSERT INTO pipeline_node_schema (id, column_name, column_alias, data_type, sql_expression, fk_pipeline_node_id) VALUES ('380058', 'aging30_base', 'aging30_base', '"string"', NULL, '379959') using metastore;
INSERT INTO pipeline_node_schema (id, column_name, column_alias, data_type, sql_expression, fk_pipeline_node_id) VALUES ('380059', 'aging60', 'aging60', '"string"', NULL, '379959') using metastore;
INSERT INTO pipeline_node_schema (id, column_name, column_alias, data_type, sql_expression, fk_pipeline_node_id) VALUES ('380060', 'aging60_base', 'aging60_base', '"string"', NULL, '379959') using metastore;
INSERT INTO pipeline_node_schema (id, column_name, column_alias, data_type, sql_expression, fk_pipeline_node_id) VALUES ('380061', 'aging90', 'aging90', '"string"', NULL, '379959') using metastore;
INSERT INTO pipeline_node_schema (id, column_name, column_alias, data_type, sql_expression, fk_pipeline_node_id) VALUES ('380062', 'aging90_base', 'aging90_base', '"string"', NULL, '379959') using metastore;
INSERT INTO pipeline_node_schema (id, column_name, column_alias, data_type, sql_expression, fk_pipeline_node_id) VALUES ('380063', 'anniversary', 'anniversary', '"string"', NULL, '379959') using metastore;
INSERT INTO pipeline_node_schema (id, column_name, column_alias, data_type, sql_expression, fk_pipeline_node_id) VALUES ('380064', 'annualincome', 'annualincome', '"string"', NULL, '379959') using metastore;
INSERT INTO pipeline_node_schema (id, column_name, column_alias, data_type, sql_expression, fk_pipeline_node_id) VALUES ('380065', 'annualincome_base', 'annualincome_base', '"string"', NULL, '379959') using metastore;
INSERT INTO pipeline_node_schema (id, column_name, column_alias, data_type, sql_expression, fk_pipeline_node_id) VALUES ('380066', 'assistantname', 'assistantname', '"string"', NULL, '379959') using metastore;
INSERT INTO pipeline_node_schema (id, column_name, column_alias, data_type, sql_expression, fk_pipeline_node_id) VALUES ('380067', 'assistantphone', 'assistantphone', '"string"', NULL, '379959') using metastore;
INSERT INTO pipeline_node_schema (id, column_name, column_alias, data_type, sql_expression, fk_pipeline_node_id) VALUES ('380068', 'birthdate', 'birthdate', '"string"', NULL, '379959') using metastore;
INSERT INTO pipeline_node_schema (id, column_name, column_alias, data_type, sql_expression, fk_pipeline_node_id) VALUES ('380069', 'business2', 'business2', '"string"', NULL, '379959') using metastore;
INSERT INTO pipeline_node_schema (id, column_name, column_alias, data_type, sql_expression, fk_pipeline_node_id) VALUES ('380070', 'businesscard', 'businesscard', '"string"', NULL, '379959') using metastore;
INSERT INTO pipeline_node_schema (id, column_name, column_alias, data_type, sql_expression, fk_pipeline_node_id) VALUES ('380071', 'businesscardattributes', 'businesscardattributes', '"string"', NULL, '379959') using metastore;
INSERT INTO pipeline_node_schema (id, column_name, column_alias, data_type, sql_expression, fk_pipeline_node_id) VALUES ('380072', 'callback', 'callback', '"string"', NULL, '379959') using metastore;
INSERT INTO pipeline_node_schema (id, column_name, column_alias, data_type, sql_expression, fk_pipeline_node_id) VALUES ('380073', 'childrensnames', 'childrensnames', '"string"', NULL, '379959') using metastore;
INSERT INTO pipeline_node_schema (id, column_name, column_alias, data_type, sql_expression, fk_pipeline_node_id) VALUES ('380074', 'company', 'company', '"string"', NULL, '379959') using metastore;
INSERT INTO pipeline_node_schema (id, column_name, column_alias, data_type, sql_expression, fk_pipeline_node_id) VALUES ('380075', 'contactid', 'contactid', '"string"', NULL, '379959') using metastore;
INSERT INTO pipeline_node_schema (id, column_name, column_alias, data_type, sql_expression, fk_pipeline_node_id) VALUES ('380076', 'createdon', 'createdon', '"string"', NULL, '379959') using metastore;
INSERT INTO pipeline_node_schema (id, column_name, column_alias, data_type, sql_expression, fk_pipeline_node_id) VALUES ('380077', 'creditlimit', 'creditlimit', '"double"', NULL, '379959') using metastore;
INSERT INTO pipeline_node_schema (id, column_name, column_alias, data_type, sql_expression, fk_pipeline_node_id) VALUES ('380078', 'creditlimit_base', 'creditlimit_base', '"double"', NULL, '379959') using metastore;
INSERT INTO pipeline_node_schema (id, column_name, column_alias, data_type, sql_expression, fk_pipeline_node_id) VALUES ('380079', 'creditonhold', 'creditonhold', '"boolean"', NULL, '379959') using metastore;
INSERT INTO pipeline_node_schema (id, column_name, column_alias, data_type, sql_expression, fk_pipeline_node_id) VALUES ('380080', 'customersizecode', 'customersizecode', '"long"', NULL, '379959') using metastore;
INSERT INTO pipeline_node_schema (id, column_name, column_alias, data_type, sql_expression, fk_pipeline_node_id) VALUES ('380081', 'customertypecode', 'customertypecode', '"long"', NULL, '379959') using metastore;
INSERT INTO pipeline_node_schema (id, column_name, column_alias, data_type, sql_expression, fk_pipeline_node_id) VALUES ('380082', 'department', 'department', '"string"', NULL, '379959') using metastore;
INSERT INTO pipeline_node_schema (id, column_name, column_alias, data_type, sql_expression, fk_pipeline_node_id) VALUES ('380083', 'description', 'description', '"string"', NULL, '379959') using metastore;
INSERT INTO pipeline_node_schema (id, column_name, column_alias, data_type, sql_expression, fk_pipeline_node_id) VALUES ('380084', 'donotbulkemail', 'donotbulkemail', '"boolean"', NULL, '379959') using metastore;
INSERT INTO pipeline_node_schema (id, column_name, column_alias, data_type, sql_expression, fk_pipeline_node_id) VALUES ('380085', 'donotbulkpostalmail', 'donotbulkpostalmail', '"boolean"', NULL, '379959') using metastore;
INSERT INTO pipeline_node_schema (id, column_name, column_alias, data_type, sql_expression, fk_pipeline_node_id) VALUES ('380086', 'donotemail', 'donotemail', '"boolean"', NULL, '379959') using metastore;
INSERT INTO pipeline_node_schema (id, column_name, column_alias, data_type, sql_expression, fk_pipeline_node_id) VALUES ('380087', 'donotfax', 'donotfax', '"boolean"', NULL, '379959') using metastore;
INSERT INTO pipeline_node_schema (id, column_name, column_alias, data_type, sql_expression, fk_pipeline_node_id) VALUES ('380088', 'donotphone', 'donotphone', '"boolean"', NULL, '379959') using metastore;
INSERT INTO pipeline_node_schema (id, column_name, column_alias, data_type, sql_expression, fk_pipeline_node_id) VALUES ('380089', 'donotpostalmail', 'donotpostalmail', '"boolean"', NULL, '379959') using metastore;
INSERT INTO pipeline_node_schema (id, column_name, column_alias, data_type, sql_expression, fk_pipeline_node_id) VALUES ('380090', 'donotsendmm', 'donotsendmm', '"boolean"', NULL, '379959') using metastore;
INSERT INTO pipeline_node_schema (id, column_name, column_alias, data_type, sql_expression, fk_pipeline_node_id) VALUES ('380091', 'educationcode', 'educationcode', '"long"', NULL, '379959') using metastore;
INSERT INTO pipeline_node_schema (id, column_name, column_alias, data_type, sql_expression, fk_pipeline_node_id) VALUES ('380092', 'emailaddress1', 'emailaddress1', '"string"', NULL, '379959') using metastore;
INSERT INTO pipeline_node_schema (id, column_name, column_alias, data_type, sql_expression, fk_pipeline_node_id) VALUES ('380093', 'emailaddress2', 'emailaddress2', '"string"', NULL, '379959') using metastore;
INSERT INTO pipeline_node_schema (id, column_name, column_alias, data_type, sql_expression, fk_pipeline_node_id) VALUES ('380094', 'emailaddress3', 'emailaddress3', '"string"', NULL, '379959') using metastore;
INSERT INTO pipeline_node_schema (id, column_name, column_alias, data_type, sql_expression, fk_pipeline_node_id) VALUES ('380095', 'employeeid', 'employeeid', '"string"', NULL, '379959') using metastore;
INSERT INTO pipeline_node_schema (id, column_name, column_alias, data_type, sql_expression, fk_pipeline_node_id) VALUES ('380096', 'entityimage', 'entityimage', '"string"', NULL, '379959') using metastore;
INSERT INTO pipeline_node_schema (id, column_name, column_alias, data_type, sql_expression, fk_pipeline_node_id) VALUES ('380097', 'entityimage_timestamp', 'entityimage_timestamp', '"long"', NULL, '379959') using metastore;
INSERT INTO pipeline_node_schema (id, column_name, column_alias, data_type, sql_expression, fk_pipeline_node_id) VALUES ('380098', 'entityimage_url', 'entityimage_url', '"string"', NULL, '379959') using metastore;
INSERT INTO pipeline_node_schema (id, column_name, column_alias, data_type, sql_expression, fk_pipeline_node_id) VALUES ('380099', 'entityimageid', 'entityimageid', '"string"', NULL, '379959') using metastore;
INSERT INTO pipeline_node_schema (id, column_name, column_alias, data_type, sql_expression, fk_pipeline_node_id) VALUES ('380100', 'exchangerate', 'exchangerate', '"double"', NULL, '379959') using metastore;
INSERT INTO pipeline_node_schema (id, column_name, column_alias, data_type, sql_expression, fk_pipeline_node_id) VALUES ('380101', 'externaluseridentifier', 'externaluseridentifier', '"string"', NULL, '379959') using metastore;
INSERT INTO pipeline_node_schema (id, column_name, column_alias, data_type, sql_expression, fk_pipeline_node_id) VALUES ('380102', 'familystatuscode', 'familystatuscode', '"long"', NULL, '379959') using metastore;
INSERT INTO pipeline_node_schema (id, column_name, column_alias, data_type, sql_expression, fk_pipeline_node_id) VALUES ('380103', 'fax', 'fax', '"string"', NULL, '379959') using metastore;
INSERT INTO pipeline_node_schema (id, column_name, column_alias, data_type, sql_expression, fk_pipeline_node_id) VALUES ('380104', 'firstname', 'firstname', '"string"', NULL, '379959') using metastore;
INSERT INTO pipeline_node_schema (id, column_name, column_alias, data_type, sql_expression, fk_pipeline_node_id) VALUES ('380105', 'followemail', 'followemail', '"boolean"', NULL, '379959') using metastore;
INSERT INTO pipeline_node_schema (id, column_name, column_alias, data_type, sql_expression, fk_pipeline_node_id) VALUES ('380106', 'ftpsiteurl', 'ftpsiteurl', '"string"', NULL, '379959') using metastore;
INSERT INTO pipeline_node_schema (id, column_name, column_alias, data_type, sql_expression, fk_pipeline_node_id) VALUES ('380107', 'fullname', 'fullname', '"string"', NULL, '379959') using metastore;
INSERT INTO pipeline_node_schema (id, column_name, column_alias, data_type, sql_expression, fk_pipeline_node_id) VALUES ('380108', 'gendercode', 'gendercode', '"long"', NULL, '379959') using metastore;
INSERT INTO pipeline_node_schema (id, column_name, column_alias, data_type, sql_expression, fk_pipeline_node_id) VALUES ('380109', 'governmentid', 'governmentid', '"string"', NULL, '379959') using metastore;
INSERT INTO pipeline_node_schema (id, column_name, column_alias, data_type, sql_expression, fk_pipeline_node_id) VALUES ('380110', 'haschildrencode', 'haschildrencode', '"long"', NULL, '379959') using metastore;
INSERT INTO pipeline_node_schema (id, column_name, column_alias, data_type, sql_expression, fk_pipeline_node_id) VALUES ('380111', 'home2', 'home2', '"string"', NULL, '379959') using metastore;
INSERT INTO pipeline_node_schema (id, column_name, column_alias, data_type, sql_expression, fk_pipeline_node_id) VALUES ('380112', 'importsequencenumber', 'importsequencenumber', '"string"', NULL, '379959') using metastore;
INSERT INTO pipeline_node_schema (id, column_name, column_alias, data_type, sql_expression, fk_pipeline_node_id) VALUES ('380113', 'isbackofficecustomer', 'isbackofficecustomer', '"boolean"', NULL, '379959') using metastore;
INSERT INTO pipeline_node_schema (id, column_name, column_alias, data_type, sql_expression, fk_pipeline_node_id) VALUES ('380114', 'jobtitle', 'jobtitle', '"string"', NULL, '379959') using metastore;
INSERT INTO pipeline_node_schema (id, column_name, column_alias, data_type, sql_expression, fk_pipeline_node_id) VALUES ('380115', 'lastname', 'lastname', '"string"', NULL, '379959') using metastore;
INSERT INTO pipeline_node_schema (id, column_name, column_alias, data_type, sql_expression, fk_pipeline_node_id) VALUES ('380116', 'lastonholdtime', 'lastonholdtime', '"string"', NULL, '379959') using metastore;
INSERT INTO pipeline_node_schema (id, column_name, column_alias, data_type, sql_expression, fk_pipeline_node_id) VALUES ('380117', 'lastusedincampaign', 'lastusedincampaign', '"string"', NULL, '379959') using metastore;
INSERT INTO pipeline_node_schema (id, column_name, column_alias, data_type, sql_expression, fk_pipeline_node_id) VALUES ('380118', 'leadsourcecode', 'leadsourcecode', '"long"', NULL, '379959') using metastore;
INSERT INTO pipeline_node_schema (id, column_name, column_alias, data_type, sql_expression, fk_pipeline_node_id) VALUES ('380119', 'managername', 'managername', '"string"', NULL, '379959') using metastore;
INSERT INTO pipeline_node_schema (id, column_name, column_alias, data_type, sql_expression, fk_pipeline_node_id) VALUES ('380120', 'managerphone', 'managerphone', '"string"', NULL, '379959') using metastore;
INSERT INTO pipeline_node_schema (id, column_name, column_alias, data_type, sql_expression, fk_pipeline_node_id) VALUES ('380121', 'marketingonly', 'marketingonly', '"boolean"', NULL, '379959') using metastore;
INSERT INTO pipeline_node_schema (id, column_name, column_alias, data_type, sql_expression, fk_pipeline_node_id) VALUES ('380122', 'merged', 'merged', '"boolean"', NULL, '379959') using metastore;
INSERT INTO pipeline_node_schema (id, column_name, column_alias, data_type, sql_expression, fk_pipeline_node_id) VALUES ('380123', 'middlename', 'middlename', '"string"', NULL, '379959') using metastore;
INSERT INTO pipeline_node_schema (id, column_name, column_alias, data_type, sql_expression, fk_pipeline_node_id) VALUES ('380124', 'mobilephone', 'mobilephone', '"string"', NULL, '379959') using metastore;
INSERT INTO pipeline_node_schema (id, column_name, column_alias, data_type, sql_expression, fk_pipeline_node_id) VALUES ('380125', 'modifiedon', 'modifiedon', '"string"', NULL, '379959') using metastore;
INSERT INTO pipeline_node_schema (id, column_name, column_alias, data_type, sql_expression, fk_pipeline_node_id) VALUES ('380126', 'msdyn_decisioninfluencetag', 'msdyn_decisioninfluencetag', '"string"', NULL, '379959') using metastore;
INSERT INTO pipeline_node_schema (id, column_name, column_alias, data_type, sql_expression, fk_pipeline_node_id) VALUES ('380127', 'msdyn_gdproptout', 'msdyn_gdproptout', '"boolean"', NULL, '379959') using metastore;
INSERT INTO pipeline_node_schema (id, column_name, column_alias, data_type, sql_expression, fk_pipeline_node_id) VALUES ('380128', 'msdyn_isassistantinorgchart', 'msdyn_isassistantinorgchart', '"boolean"', NULL, '379959') using metastore;
INSERT INTO pipeline_node_schema (id, column_name, column_alias, data_type, sql_expression, fk_pipeline_node_id) VALUES ('380129', 'msdyn_orgchangestatus', 'msdyn_orgchangestatus', '"long"', NULL, '379959') using metastore;
INSERT INTO pipeline_node_schema (id, column_name, column_alias, data_type, sql_expression, fk_pipeline_node_id) VALUES ('380130', 'nickname', 'nickname', '"string"', NULL, '379959') using metastore;
INSERT INTO pipeline_node_schema (id, column_name, column_alias, data_type, sql_expression, fk_pipeline_node_id) VALUES ('380131', 'numberofchildren', 'numberofchildren', '"string"', NULL, '379959') using metastore;
INSERT INTO pipeline_node_schema (id, column_name, column_alias, data_type, sql_expression, fk_pipeline_node_id) VALUES ('380132', 'onholdtime', 'onholdtime', '"string"', NULL, '379959') using metastore;
INSERT INTO pipeline_node_schema (id, column_name, column_alias, data_type, sql_expression, fk_pipeline_node_id) VALUES ('380133', 'overriddencreatedon', 'overriddencreatedon', '"string"', NULL, '379959') using metastore;
INSERT INTO pipeline_node_schema (id, column_name, column_alias, data_type, sql_expression, fk_pipeline_node_id) VALUES ('380134', 'pager', 'pager', '"string"', NULL, '379959') using metastore;
INSERT INTO pipeline_node_schema (id, column_name, column_alias, data_type, sql_expression, fk_pipeline_node_id) VALUES ('380135', 'participatesinworkflow', 'participatesinworkflow', '"boolean"', NULL, '379959') using metastore;
INSERT INTO pipeline_node_schema (id, column_name, column_alias, data_type, sql_expression, fk_pipeline_node_id) VALUES ('380136', 'paymenttermscode', 'paymenttermscode', '"string"', NULL, '379959') using metastore;
INSERT INTO pipeline_node_schema (id, column_name, column_alias, data_type, sql_expression, fk_pipeline_node_id) VALUES ('380137', 'preferredappointmentdaycode', 'preferredappointmentdaycode', '"string"', NULL, '379959') using metastore;
INSERT INTO pipeline_node_schema (id, column_name, column_alias, data_type, sql_expression, fk_pipeline_node_id) VALUES ('380138', 'preferredappointmenttimecode', 'preferredappointmenttimecode', '"long"', NULL, '379959') using metastore;
INSERT INTO pipeline_node_schema (id, column_name, column_alias, data_type, sql_expression, fk_pipeline_node_id) VALUES ('380139', 'preferredcontactmethodcode', 'preferredcontactmethodcode', '"long"', NULL, '379959') using metastore;
INSERT INTO pipeline_node_schema (id, column_name, column_alias, data_type, sql_expression, fk_pipeline_node_id) VALUES ('380140', 'processid', 'processid', '"string"', NULL, '379959') using metastore;
INSERT INTO pipeline_node_schema (id, column_name, column_alias, data_type, sql_expression, fk_pipeline_node_id) VALUES ('380141', 'salutation', 'salutation', '"string"', NULL, '379959') using metastore;
INSERT INTO pipeline_node_schema (id, column_name, column_alias, data_type, sql_expression, fk_pipeline_node_id) VALUES ('380142', 'shippingmethodcode', 'shippingmethodcode', '"long"', NULL, '379959') using metastore;
INSERT INTO pipeline_node_schema (id, column_name, column_alias, data_type, sql_expression, fk_pipeline_node_id) VALUES ('380143', 'spousesname', 'spousesname', '"string"', NULL, '379959') using metastore;
INSERT INTO pipeline_node_schema (id, column_name, column_alias, data_type, sql_expression, fk_pipeline_node_id) VALUES ('380144', 'stageid', 'stageid', '"string"', NULL, '379959') using metastore;
INSERT INTO pipeline_node_schema (id, column_name, column_alias, data_type, sql_expression, fk_pipeline_node_id) VALUES ('380145', 'statecode', 'statecode', '"long"', NULL, '379959') using metastore;
INSERT INTO pipeline_node_schema (id, column_name, column_alias, data_type, sql_expression, fk_pipeline_node_id) VALUES ('380146', 'statuscode', 'statuscode', '"long"', NULL, '379959') using metastore;
INSERT INTO pipeline_node_schema (id, column_name, column_alias, data_type, sql_expression, fk_pipeline_node_id) VALUES ('380147', 'subscriptionid', 'subscriptionid', '"string"', NULL, '379959') using metastore;
INSERT INTO pipeline_node_schema (id, column_name, column_alias, data_type, sql_expression, fk_pipeline_node_id) VALUES ('380148', 'suffix', 'suffix', '"string"', NULL, '379959') using metastore;
INSERT INTO pipeline_node_schema (id, column_name, column_alias, data_type, sql_expression, fk_pipeline_node_id) VALUES ('380149', 'teamsfollowed', 'teamsfollowed', '"string"', NULL, '379959') using metastore;
INSERT INTO pipeline_node_schema (id, column_name, column_alias, data_type, sql_expression, fk_pipeline_node_id) VALUES ('380150', 'telephone1', 'telephone1', '"string"', NULL, '379959') using metastore;
INSERT INTO pipeline_node_schema (id, column_name, column_alias, data_type, sql_expression, fk_pipeline_node_id) VALUES ('380151', 'telephone2', 'telephone2', '"string"', NULL, '379959') using metastore;
INSERT INTO pipeline_node_schema (id, column_name, column_alias, data_type, sql_expression, fk_pipeline_node_id) VALUES ('380152', 'telephone3', 'telephone3', '"string"', NULL, '379959') using metastore;
INSERT INTO pipeline_node_schema (id, column_name, column_alias, data_type, sql_expression, fk_pipeline_node_id) VALUES ('380153', 'territorycode', 'territorycode', '"long"', NULL, '379959') using metastore;
INSERT INTO pipeline_node_schema (id, column_name, column_alias, data_type, sql_expression, fk_pipeline_node_id) VALUES ('380154', 'timespentbymeonemailandmeetings', 'timespentbymeonemailandmeetings', '"string"', NULL, '379959') using metastore;
INSERT INTO pipeline_node_schema (id, column_name, column_alias, data_type, sql_expression, fk_pipeline_node_id) VALUES ('380155', 'timezoneruleversionnumber', 'timezoneruleversionnumber', '"long"', NULL, '379959') using metastore;
INSERT INTO pipeline_node_schema (id, column_name, column_alias, data_type, sql_expression, fk_pipeline_node_id) VALUES ('380156', 'traversedpath', 'traversedpath', '"string"', NULL, '379959') using metastore;
INSERT INTO pipeline_node_schema (id, column_name, column_alias, data_type, sql_expression, fk_pipeline_node_id) VALUES ('380157', 'utcconversiontimezonecode', 'utcconversiontimezonecode', '"string"', NULL, '379959') using metastore;
INSERT INTO pipeline_node_schema (id, column_name, column_alias, data_type, sql_expression, fk_pipeline_node_id) VALUES ('380158', 'versionnumber', 'versionnumber', '"long"', NULL, '379959') using metastore;
INSERT INTO pipeline_node_schema (id, column_name, column_alias, data_type, sql_expression, fk_pipeline_node_id) VALUES ('380159', 'websiteurl', 'websiteurl', '"string"', NULL, '379959') using metastore;
INSERT INTO pipeline_node_schema (id, column_name, column_alias, data_type, sql_expression, fk_pipeline_node_id) VALUES ('380160', 'yomifirstname', 'yomifirstname', '"string"', NULL, '379959') using metastore;
INSERT INTO pipeline_node_schema (id, column_name, column_alias, data_type, sql_expression, fk_pipeline_node_id) VALUES ('380161', 'yomifullname', 'yomifullname', '"string"', NULL, '379959') using metastore;
INSERT INTO pipeline_node_schema (id, column_name, column_alias, data_type, sql_expression, fk_pipeline_node_id) VALUES ('380162', 'yomilastname', 'yomilastname', '"string"', NULL, '379959') using metastore;
INSERT INTO pipeline_node_schema (id, column_name, column_alias, data_type, sql_expression, fk_pipeline_node_id) VALUES ('380163', 'yomimiddlename', 'yomimiddlename', '"string"', NULL, '379959') using metastore;
INSERT INTO pipeline_node_schema (id, column_name, column_alias, data_type, sql_expression, fk_pipeline_node_id) VALUES ('380202', 'join_2.projection_1__msdyn_contactkpiid_value', 'join_2_projection_1__msdyn_contactkpiid_value', '"string"', NULL, '380201') using metastore;
INSERT INTO pipeline_node_schema (id, column_name, column_alias, data_type, sql_expression, fk_pipeline_node_id) VALUES ('380203', 'join_2.projection_1_address1_addressid', 'join_2_projection_1_address1_addressid', '"string"', NULL, '380201') using metastore;
INSERT INTO pipeline_node_schema (id, column_name, column_alias, data_type, sql_expression, fk_pipeline_node_id) VALUES ('380204', 'join_2.projection_1_birthdate', 'join_2_projection_1_birthdate', '"string"', NULL, '380201') using metastore;
INSERT INTO pipeline_node_schema (id, column_name, column_alias, data_type, sql_expression, fk_pipeline_node_id) VALUES ('380205', 'join_2.projection_1_contactid', 'join_2_projection_1_contactid', '"string"', NULL, '380201') using metastore;
INSERT INTO pipeline_node_schema (id, column_name, column_alias, data_type, sql_expression, fk_pipeline_node_id) VALUES ('380206', 'join_2.projection_1_creditlimit', 'join_2_projection_1_creditlimit', '"double"', NULL, '380201') using metastore;
INSERT INTO pipeline_node_schema (id, column_name, column_alias, data_type, sql_expression, fk_pipeline_node_id) VALUES ('380207', 'join_2.projection_1_emailaddress1', 'join_2_projection_1_emailaddress1', '"string"', NULL, '380201') using metastore;
INSERT INTO pipeline_node_schema (id, column_name, column_alias, data_type, sql_expression, fk_pipeline_node_id) VALUES ('380208', 'join_2.projection_1_firstname', 'join_2_projection_1_firstname', '"string"', NULL, '380201') using metastore;
INSERT INTO pipeline_node_schema (id, column_name, column_alias, data_type, sql_expression, fk_pipeline_node_id) VALUES ('380209', 'join_2.projection_1_jobtitle', 'join_2_projection_1_jobtitle', '"string"', NULL, '380201') using metastore;
INSERT INTO pipeline_node_schema (id, column_name, column_alias, data_type, sql_expression, fk_pipeline_node_id) VALUES ('380210', 'join_2.projection_1_lastname', 'join_2_projection_1_lastname', '"string"', NULL, '380201') using metastore;
INSERT INTO pipeline_node_schema (id, column_name, column_alias, data_type, sql_expression, fk_pipeline_node_id) VALUES ('380211', 'join_2.projection_1_mobilephone', 'join_2_projection_1_mobilephone', '"string"', NULL, '380201') using metastore;
INSERT INTO pipeline_node_schema (id, column_name, column_alias, data_type, sql_expression, fk_pipeline_node_id) VALUES ('380212', 'join_2.projection_1_spousesname', 'join_2_projection_1_spousesname', '"string"', NULL, '380201') using metastore;
INSERT INTO pipeline_node_schema (id, column_name, column_alias, data_type, sql_expression, fk_pipeline_node_id) VALUES ('380213', 'join_2.oracle_family_status_code_FAMILY_STATUS', 'join_2_oracle_family_status_code_FAMILY_STATUS', 'string', NULL, '380201') using metastore;
INSERT INTO pipeline_node_schema (id, column_name, column_alias, data_type, sql_expression, fk_pipeline_node_id) VALUES ('380214', 'oracle_gender_status_code.GENDER', 'oracle_gender_status_code_GENDER', 'string', NULL, '380201') using metastore;
INSERT INTO pipeline_node_schema (id, column_name, column_alias, data_type, sql_expression, fk_pipeline_node_id) VALUES ('379957', 'CODE', NULL, 'string', NULL, '379956') using metastore;
INSERT INTO pipeline_node_schema (id, column_name, column_alias, data_type, sql_expression, fk_pipeline_node_id) VALUES ('379958', 'GENDER', NULL, 'string', NULL, '379956') using metastore;
INSERT INTO pipeline_node_schema (id, column_name, column_alias, data_type, sql_expression, fk_pipeline_node_id) VALUES ('380165', '_msdyn_contactkpiid_value', NULL, '"string"', NULL, '380164') using metastore;
INSERT INTO pipeline_node_schema (id, column_name, column_alias, data_type, sql_expression, fk_pipeline_node_id) VALUES ('380166', 'address1_addressid', NULL, '"string"', NULL, '380164') using metastore;
INSERT INTO pipeline_node_schema (id, column_name, column_alias, data_type, sql_expression, fk_pipeline_node_id) VALUES ('380167', 'birthdate', NULL, '"string"', NULL, '380164') using metastore;
INSERT INTO pipeline_node_schema (id, column_name, column_alias, data_type, sql_expression, fk_pipeline_node_id) VALUES ('380168', 'company', NULL, '"string"', NULL, '380164') using metastore;
INSERT INTO pipeline_node_schema (id, column_name, column_alias, data_type, sql_expression, fk_pipeline_node_id) VALUES ('380169', 'contactid', NULL, '"string"', NULL, '380164') using metastore;
INSERT INTO pipeline_node_schema (id, column_name, column_alias, data_type, sql_expression, fk_pipeline_node_id) VALUES ('380170', 'creditlimit', NULL, '"double"', NULL, '380164') using metastore;
INSERT INTO pipeline_node_schema (id, column_name, column_alias, data_type, sql_expression, fk_pipeline_node_id) VALUES ('380171', 'description', NULL, '"string"', NULL, '380164') using metastore;
INSERT INTO pipeline_node_schema (id, column_name, column_alias, data_type, sql_expression, fk_pipeline_node_id) VALUES ('380172', 'emailaddress1', NULL, '"string"', NULL, '380164') using metastore;
INSERT INTO pipeline_node_schema (id, column_name, column_alias, data_type, sql_expression, fk_pipeline_node_id) VALUES ('380173', 'employeeid', NULL, '"string"', NULL, '380164') using metastore;
INSERT INTO pipeline_node_schema (id, column_name, column_alias, data_type, sql_expression, fk_pipeline_node_id) VALUES ('380174', 'familystatuscode', NULL, '"long"', NULL, '380164') using metastore;
INSERT INTO pipeline_node_schema (id, column_name, column_alias, data_type, sql_expression, fk_pipeline_node_id) VALUES ('380175', 'firstname', NULL, '"string"', NULL, '380164') using metastore;
INSERT INTO pipeline_node_schema (id, column_name, column_alias, data_type, sql_expression, fk_pipeline_node_id) VALUES ('380176', 'gendercode', NULL, '"long"', NULL, '380164') using metastore;
INSERT INTO pipeline_node_schema (id, column_name, column_alias, data_type, sql_expression, fk_pipeline_node_id) VALUES ('380177', 'jobtitle', NULL, '"string"', NULL, '380164') using metastore;
INSERT INTO pipeline_node_schema (id, column_name, column_alias, data_type, sql_expression, fk_pipeline_node_id) VALUES ('380178', 'lastname', NULL, '"string"', NULL, '380164') using metastore;
INSERT INTO pipeline_node_schema (id, column_name, column_alias, data_type, sql_expression, fk_pipeline_node_id) VALUES ('380179', 'mobilephone', NULL, '"string"', NULL, '380164') using metastore;
INSERT INTO pipeline_node_schema (id, column_name, column_alias, data_type, sql_expression, fk_pipeline_node_id) VALUES ('380180', 'spousesname', NULL, '"string"', NULL, '380164') using metastore;
INSERT INTO pipeline_node_schema (id, column_name, column_alias, data_type, sql_expression, fk_pipeline_node_id) VALUES ('380185', 'projection_1._msdyn_contactkpiid_value', 'projection_1__msdyn_contactkpiid_value', '"string"', NULL, '380184') using metastore;
INSERT INTO pipeline_node_schema (id, column_name, column_alias, data_type, sql_expression, fk_pipeline_node_id) VALUES ('380186', 'projection_1.address1_addressid', 'projection_1_address1_addressid', '"string"', NULL, '380184') using metastore;
INSERT INTO pipeline_node_schema (id, column_name, column_alias, data_type, sql_expression, fk_pipeline_node_id) VALUES ('380187', 'projection_1.birthdate', 'projection_1_birthdate', '"string"', NULL, '380184') using metastore;
INSERT INTO pipeline_node_schema (id, column_name, column_alias, data_type, sql_expression, fk_pipeline_node_id) VALUES ('380188', 'projection_1.company', 'projection_1_company', '"string"', NULL, '380184') using metastore;
INSERT INTO pipeline_node_schema (id, column_name, column_alias, data_type, sql_expression, fk_pipeline_node_id) VALUES ('380189', 'projection_1.contactid', 'projection_1_contactid', '"string"', NULL, '380184') using metastore;
INSERT INTO pipeline_node_schema (id, column_name, column_alias, data_type, sql_expression, fk_pipeline_node_id) VALUES ('380190', 'projection_1.creditlimit', 'projection_1_creditlimit', '"double"', NULL, '380184') using metastore;
INSERT INTO pipeline_node_schema (id, column_name, column_alias, data_type, sql_expression, fk_pipeline_node_id) VALUES ('380191', 'projection_1.description', 'projection_1_description', '"string"', NULL, '380184') using metastore;
INSERT INTO pipeline_node_schema (id, column_name, column_alias, data_type, sql_expression, fk_pipeline_node_id) VALUES ('380192', 'projection_1.emailaddress1', 'projection_1_emailaddress1', '"string"', NULL, '380184') using metastore;
INSERT INTO pipeline_node_schema (id, column_name, column_alias, data_type, sql_expression, fk_pipeline_node_id) VALUES ('380193', 'projection_1.employeeid', 'projection_1_employeeid', '"string"', NULL, '380184') using metastore;
INSERT INTO pipeline_node_schema (id, column_name, column_alias, data_type, sql_expression, fk_pipeline_node_id) VALUES ('380194', 'projection_1.firstname', 'projection_1_firstname', '"string"', NULL, '380184') using metastore;
INSERT INTO pipeline_node_schema (id, column_name, column_alias, data_type, sql_expression, fk_pipeline_node_id) VALUES ('380195', 'projection_1.gendercode', 'projection_1_gendercode', '"long"', NULL, '380184') using metastore;
INSERT INTO pipeline_node_schema (id, column_name, column_alias, data_type, sql_expression, fk_pipeline_node_id) VALUES ('380196', 'projection_1.jobtitle', 'projection_1_jobtitle', '"string"', NULL, '380184') using metastore;
INSERT INTO pipeline_node_schema (id, column_name, column_alias, data_type, sql_expression, fk_pipeline_node_id) VALUES ('380197', 'projection_1.lastname', 'projection_1_lastname', '"string"', NULL, '380184') using metastore;
INSERT INTO pipeline_node_schema (id, column_name, column_alias, data_type, sql_expression, fk_pipeline_node_id) VALUES ('380198', 'projection_1.mobilephone', 'projection_1_mobilephone', '"string"', NULL, '380184') using metastore;
INSERT INTO pipeline_node_schema (id, column_name, column_alias, data_type, sql_expression, fk_pipeline_node_id) VALUES ('380199', 'projection_1.spousesname', 'projection_1_spousesname', '"string"', NULL, '380184') using metastore;
INSERT INTO pipeline_node_schema (id, column_name, column_alias, data_type, sql_expression, fk_pipeline_node_id) VALUES ('380200', 'oracle_family_status_code.FAMILY_STATUS', 'oracle_family_status_code_FAMILY_STATUS', 'string', NULL, '380184') using metastore;
INSERT INTO pipeline_node_schema (id, column_name, column_alias, data_type, sql_expression, fk_pipeline_node_id) VALUES ('380182', 'CODE', NULL, 'string', NULL, '380181') using metastore;
INSERT INTO pipeline_node_schema (id, column_name, column_alias, data_type, sql_expression, fk_pipeline_node_id) VALUES ('380183', 'FAMILY_STATUS', NULL, 'string', NULL, '380181') using metastore;
INSERT INTO pipeline_projection (id, filter_expression, windows_spec, order_by) VALUES ('380215', NULL, NULL, NULL) using metastore;
INSERT INTO pipeline_projection (id, filter_expression, windows_spec, order_by) VALUES ('380164', NULL, NULL, NULL) using metastore;
INSERT INTO pipeline_coordinates (id, coordinates, fk_pipeline_relation_id) VALUES ('ee41665d-ee4b-4dab-9c80-dfbb57b784e4', '{"positions":[{"name":"sqltable_0","type":"SQLTable","xCord":"85px","yCord":"40px"},{"name":"oracle_family_status_code","type":"DataSource","xCord":"65px","yCord":"291px"},{"name":"oracle_gender_status_code","type":"DataSource","xCord":"47px","yCord":"514px"},{"name":"projection_1","type":"Projection","xCord":"268px","yCord":"43px"},{"name":"join_2","type":"Join","xCord":"450px","yCord":"149px"},{"name":"join_3","type":"Join","xCord":"589px","yCord":"265px"},{"name":"projection_4","type":"Projection","xCord":"749px","yCord":"208px"}],"connections":[{"source":"sqltable_0","target":"projection_1","targetType":0},{"source":"projection_1","target":"join_2","targetType":0},{"source":"oracle_family_status_code","target":"join_2","targetType":0},{"source":"oracle_gender_status_code","target":"join_3","targetType":0},{"source":"join_2","target":"join_3","targetType":0},{"source":"join_3","target":"projection_4","targetType":0}]}', '352753') using metastore;