INSERT INTO pipeline_container (id, name, case_sensitive_name, description, fk_organisation_id) VALUES ('777933', 'fs', 'FS', NULL, '50702') using metastore;
INSERT INTO pipeline_relation (id, name, case_sensitive_name, description, fk_pipeline_container_id) VALUES ('808235', 'fsinfo_rt', 'fsinfo_RT', NULL, '777933') using metastore;
INSERT INTO pipeline_relation (id, name, case_sensitive_name, description, fk_pipeline_container_id) VALUES ('778177', 'mac', 'Mac', NULL, '777933') using metastore;
INSERT INTO pipeline_relation (id, name, case_sensitive_name, description, fk_pipeline_container_id) VALUES ('777934', 'fsinfo', 'fsinfo', NULL, '777933') using metastore;
INSERT INTO pipeline_node (id, name, case_sensitive_name, description, fk_pipeline_relation_id, pipeline_type, sources) VALUES ('808241', 'projection_0', 'projection_0', NULL, '808235', 'PROJECTION', 'filesource_fsinfo_rt') using metastore;
INSERT INTO pipeline_node (id, name, case_sensitive_name, description, fk_pipeline_relation_id, pipeline_type, sources) VALUES ('808236', 'filesource_fsinfo_rt', 'filesource_fsinfo_rt', NULL, '808235', 'DATASOURCE', 'FileSource.FSInfo_RT') using metastore;
INSERT INTO pipeline_node (id, name, case_sensitive_name, description, fk_pipeline_relation_id, pipeline_type, sources) VALUES ('778183', 'projection_0', 'projection_0', NULL, '778177', 'PROJECTION', 'filesource_mac_fs') using metastore;
INSERT INTO pipeline_node (id, name, case_sensitive_name, description, fk_pipeline_relation_id, pipeline_type, sources) VALUES ('778178', 'filesource_mac_fs', 'filesource_mac_fs', NULL, '778177', 'DATASOURCE', 'FileSource.Mac_fs') using metastore;
INSERT INTO pipeline_node (id, name, case_sensitive_name, description, fk_pipeline_relation_id, pipeline_type, sources) VALUES ('808222', 'projection_0', 'projection_0', NULL, '777934', 'PROJECTION', 'filesource_fsinfo') using metastore;
INSERT INTO pipeline_node (id, name, case_sensitive_name, description, fk_pipeline_relation_id, pipeline_type, sources) VALUES ('808217', 'filesource_fsinfo', 'filesource_fsinfo', NULL, '777934', 'DATASOURCE', 'FileSource.FSInfo') using metastore;
INSERT INTO pipeline_datasource (id, datasource_table) VALUES ('808236', '`FileSource`.`FSInfo_RT`') using metastore;
INSERT INTO pipeline_datasource (id, datasource_table) VALUES ('778178', '`FileSource`.`Mac_fs`') using metastore;
INSERT INTO pipeline_datasource (id, datasource_table) VALUES ('808217', '`FileSource`.`FSInfo`') using metastore;
INSERT INTO pipeline_node_schema (id, column_name, column_alias, data_type, sql_expression, fk_pipeline_node_id) VALUES ('808245', 'Last Modified', 'LastModified', 'string', NULL, '808241') using metastore;
INSERT INTO pipeline_node_schema (id, column_name, column_alias, data_type, sql_expression, fk_pipeline_node_id) VALUES ('808244', 'File Size (bytes)', 'FileSize', 'string', NULL, '808241') using metastore;
INSERT INTO pipeline_node_schema (id, column_name, column_alias, data_type, sql_expression, fk_pipeline_node_id) VALUES ('808243', 'File Name', 'FileName', 'string', NULL, '808241') using metastore;
INSERT INTO pipeline_node_schema (id, column_name, column_alias, data_type, sql_expression, fk_pipeline_node_id) VALUES ('808242', 'Directory', NULL, 'string', NULL, '808241') using metastore;
INSERT INTO pipeline_node_schema (id, column_name, column_alias, data_type, sql_expression, fk_pipeline_node_id) VALUES ('808240', 'Last Modified', NULL, 'string', NULL, '808236') using metastore;
INSERT INTO pipeline_node_schema (id, column_name, column_alias, data_type, sql_expression, fk_pipeline_node_id) VALUES ('808239', 'File Size (bytes)', NULL, 'string', NULL, '808236') using metastore;
INSERT INTO pipeline_node_schema (id, column_name, column_alias, data_type, sql_expression, fk_pipeline_node_id) VALUES ('808238', 'File Name', NULL, 'string', NULL, '808236') using metastore;
INSERT INTO pipeline_node_schema (id, column_name, column_alias, data_type, sql_expression, fk_pipeline_node_id) VALUES ('808237', 'Directory', NULL, 'string', NULL, '808236') using metastore;
INSERT INTO pipeline_node_schema (id, column_name, column_alias, data_type, sql_expression, fk_pipeline_node_id) VALUES ('778187', 'Last Modified', 'LastModified', 'string', NULL, '778183') using metastore;
INSERT INTO pipeline_node_schema (id, column_name, column_alias, data_type, sql_expression, fk_pipeline_node_id) VALUES ('778186', 'File Size (bytes)', 'FileSize', 'string', NULL, '778183') using metastore;
INSERT INTO pipeline_node_schema (id, column_name, column_alias, data_type, sql_expression, fk_pipeline_node_id) VALUES ('778185', 'File Name', 'FileName', 'string', NULL, '778183') using metastore;
INSERT INTO pipeline_node_schema (id, column_name, column_alias, data_type, sql_expression, fk_pipeline_node_id) VALUES ('778184', 'Directory', 'Directory', 'string', NULL, '778183') using metastore;
INSERT INTO pipeline_node_schema (id, column_name, column_alias, data_type, sql_expression, fk_pipeline_node_id) VALUES ('778182', 'Last Modified', NULL, 'string', NULL, '778178') using metastore;
INSERT INTO pipeline_node_schema (id, column_name, column_alias, data_type, sql_expression, fk_pipeline_node_id) VALUES ('778181', 'File Size (bytes)', NULL, 'string', NULL, '778178') using metastore;
INSERT INTO pipeline_node_schema (id, column_name, column_alias, data_type, sql_expression, fk_pipeline_node_id) VALUES ('778180', 'File Name', NULL, 'string', NULL, '778178') using metastore;
INSERT INTO pipeline_node_schema (id, column_name, column_alias, data_type, sql_expression, fk_pipeline_node_id) VALUES ('778179', 'Directory', NULL, 'string', NULL, '778178') using metastore;
INSERT INTO pipeline_node_schema (id, column_name, column_alias, data_type, sql_expression, fk_pipeline_node_id) VALUES ('808226', 'Last Modified', 'LastModified', 'string', NULL, '808222') using metastore;
INSERT INTO pipeline_node_schema (id, column_name, column_alias, data_type, sql_expression, fk_pipeline_node_id) VALUES ('808225', 'File Size (bytes)', 'FileSize', 'string', NULL, '808222') using metastore;
INSERT INTO pipeline_node_schema (id, column_name, column_alias, data_type, sql_expression, fk_pipeline_node_id) VALUES ('808224', 'File Name', 'FileName', 'string', NULL, '808222') using metastore;
INSERT INTO pipeline_node_schema (id, column_name, column_alias, data_type, sql_expression, fk_pipeline_node_id) VALUES ('808223', 'Directory', NULL, 'string', NULL, '808222') using metastore;
INSERT INTO pipeline_node_schema (id, column_name, column_alias, data_type, sql_expression, fk_pipeline_node_id) VALUES ('808221', 'Last Modified', NULL, 'string', NULL, '808217') using metastore;
INSERT INTO pipeline_node_schema (id, column_name, column_alias, data_type, sql_expression, fk_pipeline_node_id) VALUES ('808220', 'File Size (bytes)', NULL, 'string', NULL, '808217') using metastore;
INSERT INTO pipeline_node_schema (id, column_name, column_alias, data_type, sql_expression, fk_pipeline_node_id) VALUES ('808219', 'File Name', NULL, 'string', NULL, '808217') using metastore;
INSERT INTO pipeline_node_schema (id, column_name, column_alias, data_type, sql_expression, fk_pipeline_node_id) VALUES ('808218', 'Directory', NULL, 'string', NULL, '808217') using metastore;
INSERT INTO pipeline_projection (id, filter_expression, windows_spec, order_by) VALUES ('808241', NULL, NULL, NULL) using metastore;
INSERT INTO pipeline_projection (id, filter_expression, windows_spec, order_by) VALUES ('778183', NULL, NULL, NULL) using metastore;
INSERT INTO pipeline_projection (id, filter_expression, windows_spec, order_by) VALUES ('808222', NULL, NULL, NULL) using metastore;
INSERT INTO pipeline_coordinates (id, coordinates, fk_pipeline_relation_id) VALUES ('1e0a7009-35e8-4574-9aa1-13a7699f6d7d', '{"positions":[{"name":"filesource_fsinfo_rt","type":"DataSource","xCord":"129px","yCord":"119px"},{"name":"projection_0","type":"Projection","xCord":"604px","yCord":"159px"}],"connections":[{"source":"filesource_fsinfo_rt","target":"projection_0","targetType":0}]}', '808235') using metastore;
INSERT INTO pipeline_coordinates (id, coordinates, fk_pipeline_relation_id) VALUES ('29e8c0b4-d63b-43ad-a108-8440fc8f0278', '{"positions":[{"name":"filesource_mac_fs","type":"DataSource","xCord":"64px","yCord":"81px"},{"name":"projection_0","type":"Projection","xCord":"452px","yCord":"127px"}],"connections":[{"source":"filesource_mac_fs","target":"projection_0","targetType":0}]}', '778177') using metastore;
INSERT INTO pipeline_coordinates (id, coordinates, fk_pipeline_relation_id) VALUES ('55130ab5-b46b-4c76-8a00-7eccb081b99b', '{"positions":[{"name":"filesource_fsinfo","type":"DataSource","xCord":"64px","yCord":"75px"},{"name":"projection_0","type":"Projection","xCord":"495px","yCord":"86px"}],"connections":[{"source":"filesource_fsinfo","target":"projection_0","targetType":0}]}', '777934') using metastore;