INSERT INTO pipeline_container (id, name, case_sensitive_name, description, fk_organisation_id) VALUES ('268249', 'google', 'GOOGLE', NULL, '50702') using metastore;
INSERT INTO pipeline_relation (id, name, case_sensitive_name, description, fk_pipeline_container_id) VALUES ('268250', 'delta', 'delta', NULL, '268249') using metastore;
INSERT INTO pipeline_node (id, name, case_sensitive_name, description, fk_pipeline_relation_id, pipeline_type, sources) VALUES ('272036', 'bigquery_gdelt', 'bigquery_gdelt', NULL, '268250', 'DATASOURCE', NULL) using metastore;
INSERT INTO pipeline_node (id, name, case_sensitive_name, description, fk_pipeline_relation_id, pipeline_type, sources) VALUES ('272047', 'projection_0', 'projection_0', NULL, '268250', 'PROJECTION', NULL) using metastore;
INSERT INTO pipeline_node (id, name, case_sensitive_name, description, fk_pipeline_relation_id, pipeline_type, sources) VALUES ('272059', 'azure_mssql_region', 'azure_mssql_region', NULL, '268250', 'DATASOURCE', NULL) using metastore;
INSERT INTO pipeline_node (id, name, case_sensitive_name, description, fk_pipeline_relation_id, pipeline_type, sources) VALUES ('272062', 'azure_mssql_nation', 'azure_mssql_nation', NULL, '268250', 'DATASOURCE', NULL) using metastore;
INSERT INTO pipeline_node (id, name, case_sensitive_name, description, fk_pipeline_relation_id, pipeline_type, sources) VALUES ('272066', 'join_2', 'join_2', NULL, '268250', 'JOIN', NULL) using metastore;
INSERT INTO pipeline_node (id, name, case_sensitive_name, description, fk_pipeline_relation_id, pipeline_type, sources) VALUES ('272072', 'join_1', 'join_1', NULL, '268250', 'JOIN', NULL) using metastore;
INSERT INTO pipeline_datasource (id, datasource_table) VALUES ('272062', '`AZURE_MSSQL`.`nation`') using metastore;
INSERT INTO pipeline_datasource (id, datasource_table) VALUES ('272036', '`BIGQUERY`.`gdelt`') using metastore;
INSERT INTO pipeline_datasource (id, datasource_table) VALUES ('272059', '`AZURE_MSSQL`.`region`') using metastore;
INSERT INTO pipeline_join (id, join_tables, join_predicate, filter_expression, order_by) VALUES ('272066', 'azure_mssql_region,azure_mssql_nation', '(azure_mssql_region.r_regionkey = azure_mssql_nation.n_regionkey)', NULL, NULL) using metastore;
INSERT INTO pipeline_join (id, join_tables, join_predicate, filter_expression, order_by) VALUES ('272072', 'projection_0,join_2', '(projection_0.Actor1CountryCode(+) = join_2.azure_mssql_nation_n_name)', NULL, NULL) using metastore;
INSERT INTO pipeline_node_schema (id, column_name, column_alias, data_type, sql_expression, fk_pipeline_node_id) VALUES ('272061', 'r_name', NULL, 'string', NULL, '272059') using metastore;
INSERT INTO pipeline_node_schema (id, column_name, column_alias, data_type, sql_expression, fk_pipeline_node_id) VALUES ('272060', 'r_regionkey', NULL, 'int', NULL, '272059') using metastore;
INSERT INTO pipeline_node_schema (id, column_name, column_alias, data_type, sql_expression, fk_pipeline_node_id) VALUES ('272046', 'Actor1Geo_Type', NULL, 'bigint', NULL, '272036') using metastore;
INSERT INTO pipeline_node_schema (id, column_name, column_alias, data_type, sql_expression, fk_pipeline_node_id) VALUES ('272045', 'NumSources', NULL, 'bigint', NULL, '272036') using metastore;
INSERT INTO pipeline_node_schema (id, column_name, column_alias, data_type, sql_expression, fk_pipeline_node_id) VALUES ('272044', 'NumArticles', NULL, 'bigint', NULL, '272036') using metastore;
INSERT INTO pipeline_node_schema (id, column_name, column_alias, data_type, sql_expression, fk_pipeline_node_id) VALUES ('272043', 'NumMentions', NULL, 'bigint', NULL, '272036') using metastore;
INSERT INTO pipeline_node_schema (id, column_name, column_alias, data_type, sql_expression, fk_pipeline_node_id) VALUES ('272042', 'QuadClass', NULL, 'bigint', NULL, '272036') using metastore;
INSERT INTO pipeline_node_schema (id, column_name, column_alias, data_type, sql_expression, fk_pipeline_node_id) VALUES ('272041', 'GoldsteinScale', NULL, 'double', NULL, '272036') using metastore;
INSERT INTO pipeline_node_schema (id, column_name, column_alias, data_type, sql_expression, fk_pipeline_node_id) VALUES ('272040', 'Actor1CountryCode', NULL, 'string', NULL, '272036') using metastore;
INSERT INTO pipeline_node_schema (id, column_name, column_alias, data_type, sql_expression, fk_pipeline_node_id) VALUES ('272039', 'Actor1Name', NULL, 'string', NULL, '272036') using metastore;
INSERT INTO pipeline_node_schema (id, column_name, column_alias, data_type, sql_expression, fk_pipeline_node_id) VALUES ('272038', 'Actor1Code', NULL, 'string', NULL, '272036') using metastore;
INSERT INTO pipeline_node_schema (id, column_name, column_alias, data_type, sql_expression, fk_pipeline_node_id) VALUES ('272037', 'Year', NULL, 'bigint', NULL, '272036') using metastore;
INSERT INTO pipeline_node_schema (id, column_name, column_alias, data_type, sql_expression, fk_pipeline_node_id) VALUES ('272065', 'n_name', NULL, 'string', NULL, '272062') using metastore;
INSERT INTO pipeline_node_schema (id, column_name, column_alias, data_type, sql_expression, fk_pipeline_node_id) VALUES ('272064', 'n_regionkey', NULL, 'int', NULL, '272062') using metastore;
INSERT INTO pipeline_node_schema (id, column_name, column_alias, data_type, sql_expression, fk_pipeline_node_id) VALUES ('272063', 'n_nationkey', NULL, 'int', NULL, '272062') using metastore;
INSERT INTO pipeline_node_schema (id, column_name, column_alias, data_type, sql_expression, fk_pipeline_node_id) VALUES ('272058', 'Country_code', NULL, 'string', 'substr(Actor1CountryCode,1,3)', '272047') using metastore;
INSERT INTO pipeline_node_schema (id, column_name, column_alias, data_type, sql_expression, fk_pipeline_node_id) VALUES ('272057', 'Actor1Geo_Type', NULL, 'bigint', NULL, '272047') using metastore;
INSERT INTO pipeline_node_schema (id, column_name, column_alias, data_type, sql_expression, fk_pipeline_node_id) VALUES ('272056', 'NumSources', NULL, 'bigint', NULL, '272047') using metastore;
INSERT INTO pipeline_node_schema (id, column_name, column_alias, data_type, sql_expression, fk_pipeline_node_id) VALUES ('272055', 'NumArticles', NULL, 'bigint', NULL, '272047') using metastore;
INSERT INTO pipeline_node_schema (id, column_name, column_alias, data_type, sql_expression, fk_pipeline_node_id) VALUES ('272054', 'NumMentions', NULL, 'bigint', NULL, '272047') using metastore;
INSERT INTO pipeline_node_schema (id, column_name, column_alias, data_type, sql_expression, fk_pipeline_node_id) VALUES ('272053', 'QuadClass', NULL, 'bigint', NULL, '272047') using metastore;
INSERT INTO pipeline_node_schema (id, column_name, column_alias, data_type, sql_expression, fk_pipeline_node_id) VALUES ('272052', 'GoldsteinScale', NULL, 'double', NULL, '272047') using metastore;
INSERT INTO pipeline_node_schema (id, column_name, column_alias, data_type, sql_expression, fk_pipeline_node_id) VALUES ('272051', 'Actor1CountryCode', NULL, 'string', NULL, '272047') using metastore;
INSERT INTO pipeline_node_schema (id, column_name, column_alias, data_type, sql_expression, fk_pipeline_node_id) VALUES ('272050', 'Actor1Name', NULL, 'string', NULL, '272047') using metastore;
INSERT INTO pipeline_node_schema (id, column_name, column_alias, data_type, sql_expression, fk_pipeline_node_id) VALUES ('272049', 'Actor1Code', NULL, 'string', NULL, '272047') using metastore;
INSERT INTO pipeline_node_schema (id, column_name, column_alias, data_type, sql_expression, fk_pipeline_node_id) VALUES ('272048', 'Year', NULL, 'bigint', NULL, '272047') using metastore;
INSERT INTO pipeline_node_schema (id, column_name, column_alias, data_type, sql_expression, fk_pipeline_node_id) VALUES ('272071', 'azure_mssql_region.r_name', 'azure_mssql_region_r_name', 'string', NULL, '272066') using metastore;
INSERT INTO pipeline_node_schema (id, column_name, column_alias, data_type, sql_expression, fk_pipeline_node_id) VALUES ('272070', 'azure_mssql_region.r_regionkey', 'azure_mssql_region_r_regionkey', 'int', NULL, '272066') using metastore;
INSERT INTO pipeline_node_schema (id, column_name, column_alias, data_type, sql_expression, fk_pipeline_node_id) VALUES ('272069', 'azure_mssql_nation.n_name', 'azure_mssql_nation_n_name', 'string', NULL, '272066') using metastore;
INSERT INTO pipeline_node_schema (id, column_name, column_alias, data_type, sql_expression, fk_pipeline_node_id) VALUES ('272068', 'azure_mssql_nation.n_regionkey', 'azure_mssql_nation_n_regionkey', 'int', NULL, '272066') using metastore;
INSERT INTO pipeline_node_schema (id, column_name, column_alias, data_type, sql_expression, fk_pipeline_node_id) VALUES ('272067', 'azure_mssql_nation.n_nationkey', 'azure_mssql_nation_n_nationkey', 'int', NULL, '272066') using metastore;
INSERT INTO pipeline_node_schema (id, column_name, column_alias, data_type, sql_expression, fk_pipeline_node_id) VALUES ('272083', 'join_2.azure_mssql_region_r_name', 'join_2_azure_mssql_region_r_name', 'string', NULL, '272072') using metastore;
INSERT INTO pipeline_node_schema (id, column_name, column_alias, data_type, sql_expression, fk_pipeline_node_id) VALUES ('272082', 'projection_0.Actor1Geo_Type', 'projection_0_Actor1Geo_Type', 'bigint', NULL, '272072') using metastore;
INSERT INTO pipeline_node_schema (id, column_name, column_alias, data_type, sql_expression, fk_pipeline_node_id) VALUES ('272081', 'projection_0.NumSources', 'projection_0_NumSources', 'bigint', NULL, '272072') using metastore;
INSERT INTO pipeline_node_schema (id, column_name, column_alias, data_type, sql_expression, fk_pipeline_node_id) VALUES ('272080', 'projection_0.NumArticles', 'projection_0_NumArticles', 'bigint', NULL, '272072') using metastore;
INSERT INTO pipeline_node_schema (id, column_name, column_alias, data_type, sql_expression, fk_pipeline_node_id) VALUES ('272079', 'projection_0.NumMentions', 'projection_0_NumMentions', 'bigint', NULL, '272072') using metastore;
INSERT INTO pipeline_node_schema (id, column_name, column_alias, data_type, sql_expression, fk_pipeline_node_id) VALUES ('272078', 'projection_0.QuadClass', 'projection_0_QuadClass', 'bigint', NULL, '272072') using metastore;
INSERT INTO pipeline_node_schema (id, column_name, column_alias, data_type, sql_expression, fk_pipeline_node_id) VALUES ('272077', 'projection_0.GoldsteinScale', 'projection_0_GoldsteinScale', 'double', NULL, '272072') using metastore;
INSERT INTO pipeline_node_schema (id, column_name, column_alias, data_type, sql_expression, fk_pipeline_node_id) VALUES ('272076', 'projection_0.Actor1CountryCode', 'projection_0_Actor1CountryCode', 'string', NULL, '272072') using metastore;
INSERT INTO pipeline_node_schema (id, column_name, column_alias, data_type, sql_expression, fk_pipeline_node_id) VALUES ('272075', 'projection_0.Actor1Name', 'projection_0_Actor1Name', 'string', NULL, '272072') using metastore;
INSERT INTO pipeline_node_schema (id, column_name, column_alias, data_type, sql_expression, fk_pipeline_node_id) VALUES ('272074', 'projection_0.Actor1Code', 'projection_0_Actor1Code', 'string', NULL, '272072') using metastore;
INSERT INTO pipeline_node_schema (id, column_name, column_alias, data_type, sql_expression, fk_pipeline_node_id) VALUES ('272073', 'projection_0.Year', 'projection_0_Year', 'bigint', NULL, '272072') using metastore;
INSERT INTO pipeline_projection (id, filter_expression, windows_spec, order_by) VALUES ('272047', 'Year =2016', NULL, NULL) using metastore;
INSERT INTO pipeline_coordinates (id, coordinates, fk_pipeline_relation_id) VALUES ('969d6e16-a984-4d8c-941e-60456108497e', '{"positions":[{"name":"bigquery_gdelt","type":"DataSource","xCord":"51px","yCord":"6px"},{"name":"projection_0","type":"Projection","xCord":"523px","yCord":"200px"},{"name":"azure_mssql_nation","type":"DataSource","xCord":"564px","yCord":"2px"},{"name":"join_1","type":"Join","xCord":"993px","yCord":"370px"},{"name":"azure_mssql_region","type":"DataSource","xCord":"883px","yCord":"-5px"},{"name":"join_2","type":"Join","xCord":"833px","yCord":"216px"}],"connections":[{"source":"bigquery_gdelt","target":"projection_0","targetType":0},{"source":"projection_0","target":"join_1","targetType":0},{"source":"join_2","target":"join_1","targetType":0},{"source":"azure_mssql_region","target":"join_2","targetType":0},{"source":"azure_mssql_nation","target":"join_2","targetType":0}]}', '268250') using metastore;