INSERT INTO pipeline_container (id, name, case_sensitive_name, description, fk_organisation_id) VALUES ('1290334', 'gravity', 'GRAVITY', NULL, '50702') using metastore;
INSERT INTO pipeline_relation (id, name, case_sensitive_name, description, fk_pipeline_container_id) VALUES ('1513789', 'objective_map', 'objective_map', NULL, '1290334') using metastore;
INSERT INTO pipeline_relation (id, name, case_sensitive_name, description, fk_pipeline_container_id) VALUES ('1290343', 'capabilities', 'capabilities', '', '1290334') using metastore;
INSERT INTO pipeline_relation (id, name, case_sensitive_name, description, fk_pipeline_container_id) VALUES ('1290335', 'projects', 'projects', '', '1290334') using metastore;
INSERT INTO pipeline_node (id, name, case_sensitive_name, description, fk_pipeline_relation_id, pipeline_type, sources) VALUES ('1514175', 'dept_of_health_gravity_mysql_privatepublickeymap', 'dept_of_health_gravity_mysql_privatepublickeymap', NULL, '1513789', 'DATASOURCE', 'Dept_Of_Health_Gravity_MySQL.privatepublickeymap') using metastore;
INSERT INTO pipeline_node (id, name, case_sensitive_name, description, fk_pipeline_relation_id, pipeline_type, sources) VALUES ('1514180', 'ppk_grp', 'ppk_grp', NULL, '1513789', 'PROJECTION', 'dept_of_health_gravity_mysql_privatepublickeymap') using metastore;
INSERT INTO pipeline_node (id, name, case_sensitive_name, description, fk_pipeline_relation_id, pipeline_type, sources) VALUES ('1514185', 'dept_of_health_gravity_mysql_objective_grouper', 'dept_of_health_gravity_mysql_objective_grouper', NULL, '1513789', 'DATASOURCE', 'Dept_Of_Health_Gravity_MySQL.objective_grouper') using metastore;
INSERT INTO pipeline_node (id, name, case_sensitive_name, description, fk_pipeline_relation_id, pipeline_type, sources) VALUES ('1514189', 'og', 'og', NULL, '1513789', 'PROJECTION', 'dept_of_health_gravity_mysql_objective_grouper') using metastore;
INSERT INTO pipeline_node (id, name, case_sensitive_name, description, fk_pipeline_relation_id, pipeline_type, sources) VALUES ('1514194', 'ppk_obj', 'ppk_obj', NULL, '1513789', 'PROJECTION', 'dept_of_health_gravity_mysql_privatepublickeymap') using metastore;
INSERT INTO pipeline_node (id, name, case_sensitive_name, description, fk_pipeline_relation_id, pipeline_type, sources) VALUES ('1514199', 'jn_obj', 'jn_obj', NULL, '1513789', 'JOIN', 'og,ppk_obj') using metastore;
INSERT INTO pipeline_node (id, name, case_sensitive_name, description, fk_pipeline_relation_id, pipeline_type, sources) VALUES ('1514205', 'jn_grp', 'jn_grp', NULL, '1513789', 'JOIN', 'ppk_grp,jn_obj') using metastore;
INSERT INTO pipeline_node (id, name, case_sensitive_name, description, fk_pipeline_relation_id, pipeline_type, sources) VALUES ('1514215', 'projection_5', 'projection_5', NULL, '1513789', 'PROJECTION', 'jn_grp') using metastore;
INSERT INTO pipeline_node (id, name, case_sensitive_name, description, fk_pipeline_relation_id, pipeline_type, sources) VALUES ('1322764', 'projectmanagement_projects', 'projectmanagement_projects', '', '1290335', 'DATASOURCE', NULL) using metastore;
INSERT INTO pipeline_node (id, name, case_sensitive_name, description, fk_pipeline_relation_id, pipeline_type, sources) VALUES ('1322767', 'projection_0', 'projection_0', '', '1290335', 'PROJECTION', NULL) using metastore;
INSERT INTO pipeline_node (id, name, case_sensitive_name, description, fk_pipeline_relation_id, pipeline_type, sources) VALUES ('1322757', 'projectmanagement_capabilities', 'projectmanagement_capabilities', '', '1290343', 'DATASOURCE', NULL) using metastore;
INSERT INTO pipeline_node (id, name, case_sensitive_name, description, fk_pipeline_relation_id, pipeline_type, sources) VALUES ('1322760', 'projection_0', 'projection_0', '', '1290343', 'PROJECTION', NULL) using metastore;
INSERT INTO pipeline_datasource (id, datasource_table) VALUES ('1514175', '`Dept_Of_Health_Gravity_MySQL`.`privatepublickeymap`') using metastore;
INSERT INTO pipeline_datasource (id, datasource_table) VALUES ('1322757', '`ProjectManagement`.`Capabilities`') using metastore;
INSERT INTO pipeline_datasource (id, datasource_table) VALUES ('1514185', '`Dept_Of_Health_Gravity_MySQL`.`objective_grouper`') using metastore;
INSERT INTO pipeline_datasource (id, datasource_table) VALUES ('1322764', '`ProjectManagement`.`Projects`') using metastore;
INSERT INTO pipeline_join (id, join_tables, join_predicate, filter_expression, order_by) VALUES ('1514199', 'og,ppk_obj', '(og.ObjectiveId(+) = ppk_obj.PrivateId)', NULL, NULL) using metastore;
INSERT INTO pipeline_join (id, join_tables, join_predicate, filter_expression, order_by) VALUES ('1514205', 'ppk_grp,jn_obj', '(jn_obj.og_ObjGrouper(+) = ppk_grp.EntityName)', NULL, NULL) using metastore;
INSERT INTO pipeline_node_schema (id, column_name, column_alias, data_type, sql_expression, fk_pipeline_node_id) VALUES ('1322770', 'project_id', '', 'string', 'md5(lower(concat(trim(Project_Name),trim(Project_Description))))', '1322767') using metastore;
INSERT INTO pipeline_node_schema (id, column_name, column_alias, data_type, sql_expression, fk_pipeline_node_id) VALUES ('1322769', 'Project_Description', '', 'string', '', '1322767') using metastore;
INSERT INTO pipeline_node_schema (id, column_name, column_alias, data_type, sql_expression, fk_pipeline_node_id) VALUES ('1322768', 'Project_Name', '', 'string', '', '1322767') using metastore;
INSERT INTO pipeline_node_schema (id, column_name, column_alias, data_type, sql_expression, fk_pipeline_node_id) VALUES ('1514184', 'EntityName', NULL, 'string', NULL, '1514180') using metastore;
INSERT INTO pipeline_node_schema (id, column_name, column_alias, data_type, sql_expression, fk_pipeline_node_id) VALUES ('1514183', 'EntityType', NULL, 'string', NULL, '1514180') using metastore;
INSERT INTO pipeline_node_schema (id, column_name, column_alias, data_type, sql_expression, fk_pipeline_node_id) VALUES ('1514182', 'PrivateId', NULL, 'bigint', NULL, '1514180') using metastore;
INSERT INTO pipeline_node_schema (id, column_name, column_alias, data_type, sql_expression, fk_pipeline_node_id) VALUES ('1514181', 'PublicId', NULL, 'bigint', NULL, '1514180') using metastore;
INSERT INTO pipeline_node_schema (id, column_name, column_alias, data_type, sql_expression, fk_pipeline_node_id) VALUES ('1514219', 'ObjectiveGrouperId', NULL, 'bigint', 'IFNULL(ppk_grp_PublicId, jn_obj_og_ObjectiveId)', '1514215') using metastore;
INSERT INTO pipeline_node_schema (id, column_name, column_alias, data_type, sql_expression, fk_pipeline_node_id) VALUES ('1514218', 'ObjectiveId', NULL, 'bigint', 'IFNULL(jn_obj_ppk_obj_PublicId, jn_obj_og_ObjectiveId)', '1514215') using metastore;
INSERT INTO pipeline_node_schema (id, column_name, column_alias, data_type, sql_expression, fk_pipeline_node_id) VALUES ('1514217', 'jn_obj_og_ObjGrouper', 'ObjectiveGrouper', 'string', NULL, '1514215') using metastore;
INSERT INTO pipeline_node_schema (id, column_name, column_alias, data_type, sql_expression, fk_pipeline_node_id) VALUES ('1514216', 'jn_obj_og_ObjectiveName', 'ObjectiveName', 'string', NULL, '1514215') using metastore;
INSERT INTO pipeline_node_schema (id, column_name, column_alias, data_type, sql_expression, fk_pipeline_node_id) VALUES ('1514179', 'EntityName', NULL, 'string', NULL, '1514175') using metastore;
INSERT INTO pipeline_node_schema (id, column_name, column_alias, data_type, sql_expression, fk_pipeline_node_id) VALUES ('1514178', 'EntityType', NULL, 'string', NULL, '1514175') using metastore;
INSERT INTO pipeline_node_schema (id, column_name, column_alias, data_type, sql_expression, fk_pipeline_node_id) VALUES ('1514177', 'PrivateId', NULL, 'bigint', NULL, '1514175') using metastore;
INSERT INTO pipeline_node_schema (id, column_name, column_alias, data_type, sql_expression, fk_pipeline_node_id) VALUES ('1514176', 'PublicId', NULL, 'bigint', NULL, '1514175') using metastore;
INSERT INTO pipeline_node_schema (id, column_name, column_alias, data_type, sql_expression, fk_pipeline_node_id) VALUES ('1514193', 'ObjGrouper', NULL, 'string', 'regexp_replace(ObjectiveGrouper,''^Ensure.*'' , ''Ensure a Resilient & Efficient Health System'')', '1514189') using metastore;
INSERT INTO pipeline_node_schema (id, column_name, column_alias, data_type, sql_expression, fk_pipeline_node_id) VALUES ('1514192', 'ObjectiveName', NULL, 'string', NULL, '1514189') using metastore;
INSERT INTO pipeline_node_schema (id, column_name, column_alias, data_type, sql_expression, fk_pipeline_node_id) VALUES ('1514191', 'ObjectiveId', NULL, 'bigint', NULL, '1514189') using metastore;
INSERT INTO pipeline_node_schema (id, column_name, column_alias, data_type, sql_expression, fk_pipeline_node_id) VALUES ('1514190', 'ObjectiveGrouper', NULL, 'string', NULL, '1514189') using metastore;
INSERT INTO pipeline_node_schema (id, column_name, column_alias, data_type, sql_expression, fk_pipeline_node_id) VALUES ('1514204', 'ppk_obj.EntityName', 'ppk_obj_EntityName', 'string', NULL, '1514199') using metastore;
INSERT INTO pipeline_node_schema (id, column_name, column_alias, data_type, sql_expression, fk_pipeline_node_id) VALUES ('1514203', 'ppk_obj.PublicId', 'ppk_obj_PublicId', 'bigint', NULL, '1514199') using metastore;
INSERT INTO pipeline_node_schema (id, column_name, column_alias, data_type, sql_expression, fk_pipeline_node_id) VALUES ('1514202', 'og.ObjGrouper', 'og_ObjGrouper', 'string', NULL, '1514199') using metastore;
INSERT INTO pipeline_node_schema (id, column_name, column_alias, data_type, sql_expression, fk_pipeline_node_id) VALUES ('1514201', 'og.ObjectiveName', 'og_ObjectiveName', 'string', NULL, '1514199') using metastore;
INSERT INTO pipeline_node_schema (id, column_name, column_alias, data_type, sql_expression, fk_pipeline_node_id) VALUES ('1514200', 'og.ObjectiveId', 'og_ObjectiveId', 'bigint', NULL, '1514199') using metastore;
INSERT INTO pipeline_node_schema (id, column_name, column_alias, data_type, sql_expression, fk_pipeline_node_id) VALUES ('1322759', 'Description', '', 'string', '', '1322757') using metastore;
INSERT INTO pipeline_node_schema (id, column_name, column_alias, data_type, sql_expression, fk_pipeline_node_id) VALUES ('1322758', 'Capability_Name', '', 'string', '', '1322757') using metastore;
INSERT INTO pipeline_node_schema (id, column_name, column_alias, data_type, sql_expression, fk_pipeline_node_id) VALUES ('1322763', 'capability_id', '', 'string', 'md5(lower(concat(trim(Capability_Name),trim(Description))))', '1322760') using metastore;
INSERT INTO pipeline_node_schema (id, column_name, column_alias, data_type, sql_expression, fk_pipeline_node_id) VALUES ('1322762', 'Description', '', 'string', '', '1322760') using metastore;
INSERT INTO pipeline_node_schema (id, column_name, column_alias, data_type, sql_expression, fk_pipeline_node_id) VALUES ('1322761', 'Capability_Name', '', 'string', '', '1322760') using metastore;
INSERT INTO pipeline_node_schema (id, column_name, column_alias, data_type, sql_expression, fk_pipeline_node_id) VALUES ('1514188', 'ObjectiveName', NULL, 'string', NULL, '1514185') using metastore;
INSERT INTO pipeline_node_schema (id, column_name, column_alias, data_type, sql_expression, fk_pipeline_node_id) VALUES ('1514187', 'ObjectiveId', NULL, 'bigint', NULL, '1514185') using metastore;
INSERT INTO pipeline_node_schema (id, column_name, column_alias, data_type, sql_expression, fk_pipeline_node_id) VALUES ('1514186', 'ObjectiveGrouper', NULL, 'string', NULL, '1514185') using metastore;
INSERT INTO pipeline_node_schema (id, column_name, column_alias, data_type, sql_expression, fk_pipeline_node_id) VALUES ('1514198', 'EntityName', NULL, 'string', NULL, '1514194') using metastore;
INSERT INTO pipeline_node_schema (id, column_name, column_alias, data_type, sql_expression, fk_pipeline_node_id) VALUES ('1514197', 'EntityType', NULL, 'string', NULL, '1514194') using metastore;
INSERT INTO pipeline_node_schema (id, column_name, column_alias, data_type, sql_expression, fk_pipeline_node_id) VALUES ('1514196', 'PrivateId', NULL, 'bigint', NULL, '1514194') using metastore;
INSERT INTO pipeline_node_schema (id, column_name, column_alias, data_type, sql_expression, fk_pipeline_node_id) VALUES ('1514195', 'PublicId', NULL, 'bigint', NULL, '1514194') using metastore;
INSERT INTO pipeline_node_schema (id, column_name, column_alias, data_type, sql_expression, fk_pipeline_node_id) VALUES ('1322766', 'Project_Description', '', 'string', '', '1322764') using metastore;
INSERT INTO pipeline_node_schema (id, column_name, column_alias, data_type, sql_expression, fk_pipeline_node_id) VALUES ('1322765', 'Project_Name', '', 'string', '', '1322764') using metastore;
INSERT INTO pipeline_node_schema (id, column_name, column_alias, data_type, sql_expression, fk_pipeline_node_id) VALUES ('1514214', 'ppk_grp.EntityName', 'ppk_grp_EntityName', 'string', NULL, '1514205') using metastore;
INSERT INTO pipeline_node_schema (id, column_name, column_alias, data_type, sql_expression, fk_pipeline_node_id) VALUES ('1514213', 'ppk_grp.EntityType', 'ppk_grp_EntityType', 'string', NULL, '1514205') using metastore;
INSERT INTO pipeline_node_schema (id, column_name, column_alias, data_type, sql_expression, fk_pipeline_node_id) VALUES ('1514212', 'ppk_grp.PrivateId', 'ppk_grp_PrivateId', 'bigint', NULL, '1514205') using metastore;
INSERT INTO pipeline_node_schema (id, column_name, column_alias, data_type, sql_expression, fk_pipeline_node_id) VALUES ('1514211', 'ppk_grp.PublicId', 'ppk_grp_PublicId', 'bigint', NULL, '1514205') using metastore;
INSERT INTO pipeline_node_schema (id, column_name, column_alias, data_type, sql_expression, fk_pipeline_node_id) VALUES ('1514210', 'jn_obj.ppk_obj_EntityName', 'jn_obj_ppk_obj_EntityName', 'string', NULL, '1514205') using metastore;
INSERT INTO pipeline_node_schema (id, column_name, column_alias, data_type, sql_expression, fk_pipeline_node_id) VALUES ('1514209', 'jn_obj.ppk_obj_PublicId', 'jn_obj_ppk_obj_PublicId', 'bigint', NULL, '1514205') using metastore;
INSERT INTO pipeline_node_schema (id, column_name, column_alias, data_type, sql_expression, fk_pipeline_node_id) VALUES ('1514208', 'jn_obj.og_ObjGrouper', 'jn_obj_og_ObjGrouper', 'string', NULL, '1514205') using metastore;
INSERT INTO pipeline_node_schema (id, column_name, column_alias, data_type, sql_expression, fk_pipeline_node_id) VALUES ('1514207', 'jn_obj.og_ObjectiveName', 'jn_obj_og_ObjectiveName', 'string', NULL, '1514205') using metastore;
INSERT INTO pipeline_node_schema (id, column_name, column_alias, data_type, sql_expression, fk_pipeline_node_id) VALUES ('1514206', 'jn_obj.og_ObjectiveId', 'jn_obj_og_ObjectiveId', 'bigint', NULL, '1514205') using metastore;
INSERT INTO pipeline_projection (id, filter_expression, windows_spec, order_by) VALUES ('1322767', '', '', '') using metastore;
INSERT INTO pipeline_projection (id, filter_expression, windows_spec, order_by) VALUES ('1514180', 'EntityType =''ObjectiveGroup''', NULL, NULL) using metastore;
INSERT INTO pipeline_projection (id, filter_expression, windows_spec, order_by) VALUES ('1514215', NULL, NULL, NULL) using metastore;
INSERT INTO pipeline_projection (id, filter_expression, windows_spec, order_by) VALUES ('1514189', NULL, NULL, NULL) using metastore;
INSERT INTO pipeline_projection (id, filter_expression, windows_spec, order_by) VALUES ('1322760', '', '', '') using metastore;
INSERT INTO pipeline_projection (id, filter_expression, windows_spec, order_by) VALUES ('1514194', 'EntityType =''ObjectiveName''', NULL, NULL) using metastore;
INSERT INTO pipeline_coordinates (id, coordinates, fk_pipeline_relation_id) VALUES ('d5b709b6-1f94-4681-9b8d-c639e98b932a', '{"positions":[{"name":"dept_of_health_gravity_mysql_objective_grouper","type":"DataSource","xCord":"61px","yCord":"23px","isExpand":true},{"name":"dept_of_health_gravity_mysql_privatepublickeymap","type":"DataSource","xCord":"63px","yCord":"493px","isExpand":true},{"name":"jn_obj","type":"Join","xCord":"515px","yCord":"538px","isExpand":null},{"name":"og","type":"Projection","xCord":"393px","yCord":"80px","isExpand":null},{"name":"ppk_obj","type":"Projection","xCord":"543px","yCord":"266px","isExpand":null},{"name":"ppk_grp","type":"Projection","xCord":"448px","yCord":"694px","isExpand":null},{"name":"jn_grp","type":"Join","xCord":"748px","yCord":"540px","isExpand":null},{"name":"projection_5","type":"Projection","xCord":"842px","yCord":"345px","isExpand":null}],"connections":[{"source":"og","target":"jn_obj","targetType":0},{"source":"ppk_obj","target":"jn_obj","targetType":0},{"source":"dept_of_health_gravity_mysql_objective_grouper","target":"og","targetType":0},{"source":"dept_of_health_gravity_mysql_privatepublickeymap","target":"ppk_obj","targetType":0},{"source":"dept_of_health_gravity_mysql_privatepublickeymap","target":"ppk_grp","targetType":0},{"source":"ppk_grp","target":"jn_grp","targetType":0},{"source":"jn_obj","target":"jn_grp","targetType":0},{"source":"jn_grp","target":"projection_5","targetType":0}]}', '1513789') using metastore;