INSERT INTO pipeline_container (id, name, case_sensitive_name, description, fk_organisation_id) VALUES ('272084', 'lake_warehouse', 'LAKE_WAREHOUSE', NULL, '50702') using metastore;
INSERT INTO pipeline_relation (id, name, case_sensitive_name, description, fk_pipeline_container_id) VALUES ('442628', 'laketosnow', 'laketosnow', NULL, '272084') using metastore;
INSERT INTO pipeline_relation (id, name, case_sensitive_name, description, fk_pipeline_container_id) VALUES ('442601', 'snowmig', 'snowmig', NULL, '272084') using metastore;
INSERT INTO pipeline_relation (id, name, case_sensitive_name, description, fk_pipeline_container_id) VALUES ('272085', 'migration', 'migration', NULL, '272084') using metastore;
INSERT INTO pipeline_node (id, name, case_sensitive_name, description, fk_pipeline_relation_id, pipeline_type, sources) VALUES ('442717', 'snowflake_patients', 'snowflake_patients', NULL, '442601', 'DATASOURCE', NULL) using metastore;
INSERT INTO pipeline_node (id, name, case_sensitive_name, description, fk_pipeline_relation_id, pipeline_type, sources) VALUES ('442726', 'snowflake_prescriptions', 'snowflake_prescriptions', NULL, '442601', 'DATASOURCE', NULL) using metastore;
INSERT INTO pipeline_node (id, name, case_sensitive_name, description, fk_pipeline_relation_id, pipeline_type, sources) VALUES ('442732', 'snowflake_medications', 'snowflake_medications', NULL, '442601', 'DATASOURCE', NULL) using metastore;
INSERT INTO pipeline_node (id, name, case_sensitive_name, description, fk_pipeline_relation_id, pipeline_type, sources) VALUES ('442739', 'migration_1', 'migration_1', NULL, '442601', 'MIGRATION', NULL) using metastore;
INSERT INTO pipeline_node (id, name, case_sensitive_name, description, fk_pipeline_relation_id, pipeline_type, sources) VALUES ('442743', 'aws_lakewhouse_tpcds_mfolder_patients', 'aws_lakewhouse_tpcds_mfolder_patients', NULL, '442628', 'DATASOURCE', NULL) using metastore;
INSERT INTO pipeline_node (id, name, case_sensitive_name, description, fk_pipeline_relation_id, pipeline_type, sources) VALUES ('442752', 'projection_0', 'projection_0', NULL, '442628', 'PROJECTION', NULL) using metastore;
INSERT INTO pipeline_node (id, name, case_sensitive_name, description, fk_pipeline_relation_id, pipeline_type, sources) VALUES ('442761', 'jdbcsink_1', 'jdbcsink_1', NULL, '442628', 'SINK', NULL) using metastore;
INSERT INTO pipeline_node (id, name, case_sensitive_name, description, fk_pipeline_relation_id, pipeline_type, sources) VALUES ('272107', 'azure_mssql_customer', 'azure_mssql_customer', NULL, '272085', 'DATASOURCE', NULL) using metastore;
INSERT INTO pipeline_node (id, name, case_sensitive_name, description, fk_pipeline_relation_id, pipeline_type, sources) VALUES ('272116', 'azure_mssql_supplier', 'azure_mssql_supplier', NULL, '272085', 'DATASOURCE', NULL) using metastore;
INSERT INTO pipeline_node (id, name, case_sensitive_name, description, fk_pipeline_relation_id, pipeline_type, sources) VALUES ('272124', 'migration_0', 'migration_0', NULL, '272085', 'MIGRATION', NULL) using metastore;
INSERT INTO pipeline_datasource (id, datasource_table) VALUES ('272107', '`AZURE_MSSQL`.`customer`') using metastore;
INSERT INTO pipeline_datasource (id, datasource_table) VALUES ('272116', '`AZURE_MSSQL`.`supplier`') using metastore;
INSERT INTO pipeline_datasource (id, datasource_table) VALUES ('442732', '`Snowflake`.`MEDICATIONS`') using metastore;
INSERT INTO pipeline_datasource (id, datasource_table) VALUES ('442717', '`Snowflake`.`PATIENTS`') using metastore;
INSERT INTO pipeline_datasource (id, datasource_table) VALUES ('442726', '`Snowflake`.`PRESCRIPTIONS`') using metastore;
INSERT INTO pipeline_datasource (id, datasource_table) VALUES ('442743', '`aws_lakewhouse`.`tpcds`.`mfolder`.`patients`') using metastore;
INSERT INTO pipeline_migration (id, source_tables, cron_expression, migrations_json, rollback_all_on_failure) VALUES ('272124', 'azure_mssql_customer,azure_mssql_supplier', NULL, '[{"modeType":"INSERT","sourceNode":"azure_mssql_supplier","targetTable":"aws_lakewhouse.tpcds","createIfMissing":true},{"modeType":"MERGE","sourceNode":"azure_mssql_customer","targetTable":"aws_lakewhouse.tpcds.icebergdemo","mergeCondition":"source.c_custkey=target.c_custkey","matched":[{"actionType":"UPDATE_STAR"}],"notMatched":[]}]', 'false') using metastore;
INSERT INTO pipeline_migration (id, source_tables, cron_expression, migrations_json, rollback_all_on_failure) VALUES ('442739', 'snowflake_patients,snowflake_prescriptions,snowflake_medications', NULL, '[{"modeType":"INSERT","sourceNode":"snowflake_patients","targetTable":"aws_lakewhouse.tpcds.mfolder.patients","createIfMissing":true},{"modeType":"INSERT","sourceNode":"snowflake_prescriptions","targetTable":"aws_lakewhouse.tpcds.mfolder.prescriptions","createIfMissing":true},{"modeType":"INSERT","sourceNode":"snowflake_medications","targetTable":"aws_lakewhouse.tpcds.mfolder.medications","createIfMissing":true}]', 'true') using metastore;
INSERT INTO pipeline_node_property (id, property_key, property_value, fk_pipeline_node_id) VALUES ('442762', 'url', '{{SNOW_APAC}}', '442761') using metastore;
INSERT INTO pipeline_node_property (id, property_key, property_value, fk_pipeline_node_id) VALUES ('442763', 'driver', '{{SNOW_DRIVER}}', '442761') using metastore;
INSERT INTO pipeline_node_property (id, property_key, property_value, fk_pipeline_node_id) VALUES ('442764', 'username', '{{SNOW_USER}}', '442761') using metastore;
INSERT INTO pipeline_node_property (id, property_key, property_value, fk_pipeline_node_id) VALUES ('442765', 'password', 'n9NpruUqr96UF9AW8i4ca/TyPGFeCNLwOwLXAY/6svYvsB3KFO2Z/SfelCZUzImQiXqbbuksq40t9KiWJMmuF4AMFxo5y2Da5vQKAMT2/WfxVO1vqxmfZ1mYwEDNf8Lwuwlr/H211wrInLmYerABoL6gfVUYe3foXvggzUPqyIOQZ0r5SRCma/i0a/XsWfDfewshcSZ/WrIfzKVNqhxK0U+oyHh6H2ftl9heOrx8lQ9BqQ3wKfet58rILloRqQhZ7ESGGnh92Yo9yr5FEmWPZbxjWx5DWRIJkxVSVbU3WZWOMeHKMzg6vowDPvpp9TSgvcekrcs0z6qEZTNINiU6xQ==', '442761') using metastore;
INSERT INTO pipeline_node_property (id, property_key, property_value, fk_pipeline_node_id) VALUES ('442766', 'dbtable', 'PATIENT', '442761') using metastore;
INSERT INTO pipeline_node_property (id, property_key, property_value, fk_pipeline_node_id) VALUES ('442767', 'overwrite', 'false', '442761') using metastore;
INSERT INTO pipeline_node_property (id, property_key, property_value, fk_pipeline_node_id) VALUES ('442768', 'db', 'DEMO_DB', '442761') using metastore;
INSERT INTO pipeline_node_property (id, property_key, property_value, fk_pipeline_node_id) VALUES ('442769', 'SCHEMA', 'HOSPITAL_DW', '442761') using metastore;
INSERT INTO pipeline_node_schema (id, column_name, column_alias, data_type, sql_expression, fk_pipeline_node_id) VALUES ('442731', 'DURATION', NULL, 'string', NULL, '442726') using metastore;
INSERT INTO pipeline_node_schema (id, column_name, column_alias, data_type, sql_expression, fk_pipeline_node_id) VALUES ('442730', 'QUANTITY', NULL, 'bigint', NULL, '442726') using metastore;
INSERT INTO pipeline_node_schema (id, column_name, column_alias, data_type, sql_expression, fk_pipeline_node_id) VALUES ('442729', 'MEDICATIONID', NULL, 'bigint', NULL, '442726') using metastore;
INSERT INTO pipeline_node_schema (id, column_name, column_alias, data_type, sql_expression, fk_pipeline_node_id) VALUES ('442728', 'VISITID', NULL, 'bigint', NULL, '442726') using metastore;
INSERT INTO pipeline_node_schema (id, column_name, column_alias, data_type, sql_expression, fk_pipeline_node_id) VALUES ('442727', 'PRESCRIPTIONID', NULL, 'bigint', NULL, '442726') using metastore;
INSERT INTO pipeline_node_schema (id, column_name, column_alias, data_type, sql_expression, fk_pipeline_node_id) VALUES ('442725', 'EMAIL', NULL, 'string', NULL, '442717') using metastore;
INSERT INTO pipeline_node_schema (id, column_name, column_alias, data_type, sql_expression, fk_pipeline_node_id) VALUES ('442724', 'PHONE', NULL, 'string', NULL, '442717') using metastore;
INSERT INTO pipeline_node_schema (id, column_name, column_alias, data_type, sql_expression, fk_pipeline_node_id) VALUES ('442723', 'ADDRESS', NULL, 'string', NULL, '442717') using metastore;
INSERT INTO pipeline_node_schema (id, column_name, column_alias, data_type, sql_expression, fk_pipeline_node_id) VALUES ('442722', 'GENDER', NULL, 'string', NULL, '442717') using metastore;
INSERT INTO pipeline_node_schema (id, column_name, column_alias, data_type, sql_expression, fk_pipeline_node_id) VALUES ('442721', 'DATEOFBIRTH', NULL, 'date', NULL, '442717') using metastore;
INSERT INTO pipeline_node_schema (id, column_name, column_alias, data_type, sql_expression, fk_pipeline_node_id) VALUES ('442720', 'LASTNAME', NULL, 'string', NULL, '442717') using metastore;
INSERT INTO pipeline_node_schema (id, column_name, column_alias, data_type, sql_expression, fk_pipeline_node_id) VALUES ('442719', 'FIRSTNAME', NULL, 'string', NULL, '442717') using metastore;
INSERT INTO pipeline_node_schema (id, column_name, column_alias, data_type, sql_expression, fk_pipeline_node_id) VALUES ('442718', 'PATIENTID', NULL, 'bigint', NULL, '442717') using metastore;
INSERT INTO pipeline_node_schema (id, column_name, column_alias, data_type, sql_expression, fk_pipeline_node_id) VALUES ('442742', 'end', NULL, 'timestamp', NULL, '442739') using metastore;
INSERT INTO pipeline_node_schema (id, column_name, column_alias, data_type, sql_expression, fk_pipeline_node_id) VALUES ('442741', 'start', NULL, 'timestamp', NULL, '442739') using metastore;
INSERT INTO pipeline_node_schema (id, column_name, column_alias, data_type, sql_expression, fk_pipeline_node_id) VALUES ('442740', 'target', NULL, 'string', NULL, '442739') using metastore;
INSERT INTO pipeline_node_schema (id, column_name, column_alias, data_type, sql_expression, fk_pipeline_node_id) VALUES ('442738', 'MANUFACTURER', NULL, 'string', NULL, '442732') using metastore;
INSERT INTO pipeline_node_schema (id, column_name, column_alias, data_type, sql_expression, fk_pipeline_node_id) VALUES ('442737', 'ROUTEOFADMINISTRATION', NULL, 'string', NULL, '442732') using metastore;
INSERT INTO pipeline_node_schema (id, column_name, column_alias, data_type, sql_expression, fk_pipeline_node_id) VALUES ('442736', 'DOSAGEFORM', NULL, 'string', NULL, '442732') using metastore;
INSERT INTO pipeline_node_schema (id, column_name, column_alias, data_type, sql_expression, fk_pipeline_node_id) VALUES ('442735', 'STRENGTH', NULL, 'string', NULL, '442732') using metastore;
INSERT INTO pipeline_node_schema (id, column_name, column_alias, data_type, sql_expression, fk_pipeline_node_id) VALUES ('442734', 'MEDICATIONNAME', NULL, 'string', NULL, '442732') using metastore;
INSERT INTO pipeline_node_schema (id, column_name, column_alias, data_type, sql_expression, fk_pipeline_node_id) VALUES ('442733', 'MEDICATIONID', NULL, 'bigint', NULL, '442732') using metastore;
INSERT INTO pipeline_node_schema (id, column_name, column_alias, data_type, sql_expression, fk_pipeline_node_id) VALUES ('442760', 'EMAIL', NULL, 'string', NULL, '442752') using metastore;
INSERT INTO pipeline_node_schema (id, column_name, column_alias, data_type, sql_expression, fk_pipeline_node_id) VALUES ('442759', 'PHONE', NULL, 'string', NULL, '442752') using metastore;
INSERT INTO pipeline_node_schema (id, column_name, column_alias, data_type, sql_expression, fk_pipeline_node_id) VALUES ('442758', 'ADDRESS', NULL, 'string', NULL, '442752') using metastore;
INSERT INTO pipeline_node_schema (id, column_name, column_alias, data_type, sql_expression, fk_pipeline_node_id) VALUES ('442757', 'GENDER', NULL, 'string', NULL, '442752') using metastore;
INSERT INTO pipeline_node_schema (id, column_name, column_alias, data_type, sql_expression, fk_pipeline_node_id) VALUES ('442756', 'DATEOFBIRTH', NULL, 'date', NULL, '442752') using metastore;
INSERT INTO pipeline_node_schema (id, column_name, column_alias, data_type, sql_expression, fk_pipeline_node_id) VALUES ('442755', 'LASTNAME', NULL, 'string', NULL, '442752') using metastore;
INSERT INTO pipeline_node_schema (id, column_name, column_alias, data_type, sql_expression, fk_pipeline_node_id) VALUES ('442754', 'FIRSTNAME', NULL, 'string', NULL, '442752') using metastore;
INSERT INTO pipeline_node_schema (id, column_name, column_alias, data_type, sql_expression, fk_pipeline_node_id) VALUES ('442753', 'PATIENTID', NULL, 'bigint', NULL, '442752') using metastore;
INSERT INTO pipeline_node_schema (id, column_name, column_alias, data_type, sql_expression, fk_pipeline_node_id) VALUES ('442751', 'EMAIL', NULL, 'string', NULL, '442743') using metastore;
INSERT INTO pipeline_node_schema (id, column_name, column_alias, data_type, sql_expression, fk_pipeline_node_id) VALUES ('442750', 'PHONE', NULL, 'string', NULL, '442743') using metastore;
INSERT INTO pipeline_node_schema (id, column_name, column_alias, data_type, sql_expression, fk_pipeline_node_id) VALUES ('442749', 'ADDRESS', NULL, 'string', NULL, '442743') using metastore;
INSERT INTO pipeline_node_schema (id, column_name, column_alias, data_type, sql_expression, fk_pipeline_node_id) VALUES ('442748', 'GENDER', NULL, 'string', NULL, '442743') using metastore;
INSERT INTO pipeline_node_schema (id, column_name, column_alias, data_type, sql_expression, fk_pipeline_node_id) VALUES ('442747', 'DATEOFBIRTH', NULL, 'date', NULL, '442743') using metastore;
INSERT INTO pipeline_node_schema (id, column_name, column_alias, data_type, sql_expression, fk_pipeline_node_id) VALUES ('442746', 'LASTNAME', NULL, 'string', NULL, '442743') using metastore;
INSERT INTO pipeline_node_schema (id, column_name, column_alias, data_type, sql_expression, fk_pipeline_node_id) VALUES ('442745', 'FIRSTNAME', NULL, 'string', NULL, '442743') using metastore;
INSERT INTO pipeline_node_schema (id, column_name, column_alias, data_type, sql_expression, fk_pipeline_node_id) VALUES ('442744', 'PATIENTID', NULL, 'bigint', NULL, '442743') using metastore;
INSERT INTO pipeline_node_schema (id, column_name, column_alias, data_type, sql_expression, fk_pipeline_node_id) VALUES ('442772', 'records', NULL, 'long', NULL, '442761') using metastore;
INSERT INTO pipeline_node_schema (id, column_name, column_alias, data_type, sql_expression, fk_pipeline_node_id) VALUES ('442771', 'end', NULL, 'timestamp', NULL, '442761') using metastore;
INSERT INTO pipeline_node_schema (id, column_name, column_alias, data_type, sql_expression, fk_pipeline_node_id) VALUES ('442770', 'start', NULL, 'timestamp', NULL, '442761') using metastore;
INSERT INTO pipeline_node_schema (id, column_name, column_alias, data_type, sql_expression, fk_pipeline_node_id) VALUES ('272123', 's_comment', NULL, 'string', NULL, '272116') using metastore;
INSERT INTO pipeline_node_schema (id, column_name, column_alias, data_type, sql_expression, fk_pipeline_node_id) VALUES ('272122', 's_acctbal', NULL, 'float', NULL, '272116') using metastore;
INSERT INTO pipeline_node_schema (id, column_name, column_alias, data_type, sql_expression, fk_pipeline_node_id) VALUES ('272121', 's_phone', NULL, 'string', NULL, '272116') using metastore;
INSERT INTO pipeline_node_schema (id, column_name, column_alias, data_type, sql_expression, fk_pipeline_node_id) VALUES ('272120', 's_nationkey', NULL, 'int', NULL, '272116') using metastore;
INSERT INTO pipeline_node_schema (id, column_name, column_alias, data_type, sql_expression, fk_pipeline_node_id) VALUES ('272119', 's_address', NULL, 'string', NULL, '272116') using metastore;
INSERT INTO pipeline_node_schema (id, column_name, column_alias, data_type, sql_expression, fk_pipeline_node_id) VALUES ('272118', 's_name', NULL, 'string', NULL, '272116') using metastore;
INSERT INTO pipeline_node_schema (id, column_name, column_alias, data_type, sql_expression, fk_pipeline_node_id) VALUES ('272117', 's_suppkey', NULL, 'int', NULL, '272116') using metastore;
INSERT INTO pipeline_node_schema (id, column_name, column_alias, data_type, sql_expression, fk_pipeline_node_id) VALUES ('272115', 'c_comment', NULL, 'string', NULL, '272107') using metastore;
INSERT INTO pipeline_node_schema (id, column_name, column_alias, data_type, sql_expression, fk_pipeline_node_id) VALUES ('272114', 'c_mktsegment', NULL, 'string', NULL, '272107') using metastore;
INSERT INTO pipeline_node_schema (id, column_name, column_alias, data_type, sql_expression, fk_pipeline_node_id) VALUES ('272113', 'c_acctbal', NULL, 'float', NULL, '272107') using metastore;
INSERT INTO pipeline_node_schema (id, column_name, column_alias, data_type, sql_expression, fk_pipeline_node_id) VALUES ('272112', 'c_phone', NULL, 'string', NULL, '272107') using metastore;
INSERT INTO pipeline_node_schema (id, column_name, column_alias, data_type, sql_expression, fk_pipeline_node_id) VALUES ('272111', 'c_nationkey', NULL, 'int', NULL, '272107') using metastore;
INSERT INTO pipeline_node_schema (id, column_name, column_alias, data_type, sql_expression, fk_pipeline_node_id) VALUES ('272110', 'c_address', NULL, 'string', NULL, '272107') using metastore;
INSERT INTO pipeline_node_schema (id, column_name, column_alias, data_type, sql_expression, fk_pipeline_node_id) VALUES ('272109', 'c_name', NULL, 'string', NULL, '272107') using metastore;
INSERT INTO pipeline_node_schema (id, column_name, column_alias, data_type, sql_expression, fk_pipeline_node_id) VALUES ('272108', 'c_custkey', NULL, 'int', NULL, '272107') using metastore;
INSERT INTO pipeline_node_schema (id, column_name, column_alias, data_type, sql_expression, fk_pipeline_node_id) VALUES ('272127', 'end', NULL, 'timestamp', NULL, '272124') using metastore;
INSERT INTO pipeline_node_schema (id, column_name, column_alias, data_type, sql_expression, fk_pipeline_node_id) VALUES ('272126', 'start', NULL, 'timestamp', NULL, '272124') using metastore;
INSERT INTO pipeline_node_schema (id, column_name, column_alias, data_type, sql_expression, fk_pipeline_node_id) VALUES ('272125', 'target', NULL, 'string', NULL, '272124') using metastore;
INSERT INTO pipeline_projection (id, filter_expression, windows_spec, order_by) VALUES ('442752', NULL, NULL, NULL) using metastore;
INSERT INTO pipeline_sink (id, sink_type) VALUES ('442761', 'JDBC') using metastore;
INSERT INTO pipeline_coordinates (id, coordinates, fk_pipeline_relation_id) VALUES ('d5afaa05-8230-4c46-a954-c6105c695b6e', '{"positions":[{"name":"snowflake_patients","type":"DataSource","xCord":"63px","yCord":"24px","isExpand":true},{"name":"snowflake_prescriptions","type":"DataSource","xCord":"63px","yCord":"273px","isExpand":true},{"name":"snowflake_medications","type":"DataSource","xCord":"59px","yCord":"456px","isExpand":true},{"name":"migration_1","type":"Migration","xCord":"719px","yCord":"134px","isExpand":null}],"connections":[{"source":"snowflake_patients","target":"migration_1","targetType":0},{"source":"snowflake_prescriptions","target":"migration_1","targetType":0},{"source":"snowflake_medications","target":"migration_1","targetType":0}]}', '442601') using metastore;
INSERT INTO pipeline_coordinates (id, coordinates, fk_pipeline_relation_id) VALUES ('4b971cc8-a452-41fa-9914-176b2448bc75', '{"positions":[{"name":"aws_lakewhouse_tpcds_mfolder_patients","type":"DataSource","xCord":"55px","yCord":"31px"},{"name":"projection_0","type":"Projection","xCord":"461px","yCord":"110px"},{"name":"jdbcsink_1","type":"JDBCSink","xCord":"672px","yCord":"53px"}],"connections":[{"source":"aws_lakewhouse_tpcds_mfolder_patients","target":"projection_0","targetType":0},{"source":"projection_0","target":"jdbcsink_1","targetType":1}]}', '442628') using metastore;
INSERT INTO pipeline_coordinates (id, coordinates, fk_pipeline_relation_id) VALUES ('db075243-4e8e-4fa8-8aae-93cc7e3cdb0c', '{"positions":[{"name":"azure_mssql_customer","type":"DataSource","xCord":"17px","yCord":"2px"},{"name":"migration_0","type":"Migration","xCord":"606px","yCord":"207px"},{"name":"azure_mssql_supplier","type":"DataSource","xCord":"22px","yCord":"260px"}],"connections":[{"source":"azure_mssql_customer","target":"migration_0","targetType":0},{"source":"azure_mssql_supplier","target":"migration_0","targetType":0}]}', '272085') using metastore;