INSERT INTO pipeline_container (id, name, case_sensitive_name, description, fk_organisation_id) VALUES ('1335695', 'migration', 'MIGRATION', NULL, '50702') using metastore;
INSERT INTO pipeline_relation (id, name, case_sensitive_name, description, fk_pipeline_container_id) VALUES ('1335696', 'migrate_to_snowflake', 'migrate_to_snowflake', NULL, '1335695') using metastore;
INSERT INTO pipeline_node (id, name, case_sensitive_name, description, fk_pipeline_relation_id, pipeline_type, sources) VALUES ('1335821', 'snowflake_visits', 'snowflake_visits', NULL, '1335696', 'DATASOURCE', 'Snowflake.VISITS') using metastore;
INSERT INTO pipeline_node (id, name, case_sensitive_name, description, fk_pipeline_relation_id, pipeline_type, sources) VALUES ('1335828', 'projection_0', 'projection_0', NULL, '1335696', 'PROJECTION', 'snowflake_visits') using metastore;
INSERT INTO pipeline_node (id, name, case_sensitive_name, description, fk_pipeline_relation_id, pipeline_type, sources) VALUES ('1335835', 'jdbcsink_1', 'jdbcsink_1', NULL, '1335696', 'SINK', 'projection_0') using metastore;
INSERT INTO pipeline_datasource (id, datasource_table) VALUES ('1335821', '`Snowflake`.`VISITS`') using metastore;
INSERT INTO pipeline_node_property (id, property_key, property_value, fk_pipeline_node_id) VALUES ('1335843', 'schema', '_HOSPITALDW', '1335835') using metastore;
INSERT INTO pipeline_node_property (id, property_key, property_value, fk_pipeline_node_id) VALUES ('1335842', 'db', 'DATAHUB', '1335835') using metastore;
INSERT INTO pipeline_node_property (id, property_key, property_value, fk_pipeline_node_id) VALUES ('1335841', 'overwrite', 'false', '1335835') using metastore;
INSERT INTO pipeline_node_property (id, property_key, property_value, fk_pipeline_node_id) VALUES ('1335840', 'dbtable', 'visits', '1335835') using metastore;
INSERT INTO pipeline_node_property (id, property_key, property_value, fk_pipeline_node_id) VALUES ('1335839', 'password', 'qFFUPmEUCEdO/p7AbZiHDk3kHvjpgMjkb5bi1jN4Q25IrT6qsvRZWlrhl1Cx/2FGB+84tbUXukgQ2WhrBnTW+xo5WR9pRc+teeH2z8njV0xmqeY2ZLHu5aYNmZVgUTSYstj9/LAUHWSU65xRFhBZ3r9XtqXpBXi3T4Tec2LxJFxkZFVItZgknyIMeehLZwwS8TEzLVIej/EhGO+ZW2rd8urjW9faRVq8UA55GTP6O2vQ8tAav+ZrfbC6X21AaUME1tD9HgyPvdClNC2PppyqIG27mv1Oe0+sn+r1VFnHpIdVJu2OnDPFJthFKa4RTs5QUfdyGL9iVP0dc0aQadcE8A==', '1335835') using metastore;
INSERT INTO pipeline_node_property (id, property_key, property_value, fk_pipeline_node_id) VALUES ('1335838', 'username', 'zdemo', '1335835') using metastore;
INSERT INTO pipeline_node_property (id, property_key, property_value, fk_pipeline_node_id) VALUES ('1335837', 'driver', 'com.snowflake.client.jdbc.SnowflakeDriver', '1335835') using metastore;
INSERT INTO pipeline_node_property (id, property_key, property_value, fk_pipeline_node_id) VALUES ('1335836', 'url', 'jdbc:snowflake://te78713.ap-southeast-2.snowflakecomputing.com/', '1335835') using metastore;
INSERT INTO pipeline_node_schema (id, column_name, column_alias, data_type, sql_expression, fk_pipeline_node_id) VALUES ('1335822', 'VISITID', NULL, 'bigint', NULL, '1335821') using metastore;
INSERT INTO pipeline_node_schema (id, column_name, column_alias, data_type, sql_expression, fk_pipeline_node_id) VALUES ('1335823', 'PATIENTID', NULL, 'bigint', NULL, '1335821') using metastore;
INSERT INTO pipeline_node_schema (id, column_name, column_alias, data_type, sql_expression, fk_pipeline_node_id) VALUES ('1335824', 'VISITDATE', NULL, 'date', NULL, '1335821') using metastore;
INSERT INTO pipeline_node_schema (id, column_name, column_alias, data_type, sql_expression, fk_pipeline_node_id) VALUES ('1335825', 'DOCTORNAME', NULL, 'string', NULL, '1335821') using metastore;
INSERT INTO pipeline_node_schema (id, column_name, column_alias, data_type, sql_expression, fk_pipeline_node_id) VALUES ('1335826', 'DIAGNOSIS', NULL, 'string', NULL, '1335821') using metastore;
INSERT INTO pipeline_node_schema (id, column_name, column_alias, data_type, sql_expression, fk_pipeline_node_id) VALUES ('1335827', 'PRESCRIPTION', NULL, 'string', NULL, '1335821') using metastore;
INSERT INTO pipeline_node_schema (id, column_name, column_alias, data_type, sql_expression, fk_pipeline_node_id) VALUES ('1335829', 'VISITID', NULL, 'bigint', NULL, '1335828') using metastore;
INSERT INTO pipeline_node_schema (id, column_name, column_alias, data_type, sql_expression, fk_pipeline_node_id) VALUES ('1335830', 'PATIENTID', NULL, 'bigint', NULL, '1335828') using metastore;
INSERT INTO pipeline_node_schema (id, column_name, column_alias, data_type, sql_expression, fk_pipeline_node_id) VALUES ('1335831', 'VISITDATE', NULL, 'date', NULL, '1335828') using metastore;
INSERT INTO pipeline_node_schema (id, column_name, column_alias, data_type, sql_expression, fk_pipeline_node_id) VALUES ('1335832', 'DOCTORNAME', NULL, 'string', NULL, '1335828') using metastore;
INSERT INTO pipeline_node_schema (id, column_name, column_alias, data_type, sql_expression, fk_pipeline_node_id) VALUES ('1335833', 'DIAGNOSIS', NULL, 'string', NULL, '1335828') using metastore;
INSERT INTO pipeline_node_schema (id, column_name, column_alias, data_type, sql_expression, fk_pipeline_node_id) VALUES ('1335834', 'PRESCRIPTION', NULL, 'string', NULL, '1335828') using metastore;
INSERT INTO pipeline_node_schema (id, column_name, column_alias, data_type, sql_expression, fk_pipeline_node_id) VALUES ('1335844', 'start', NULL, 'timestamp', NULL, '1335835') using metastore;
INSERT INTO pipeline_node_schema (id, column_name, column_alias, data_type, sql_expression, fk_pipeline_node_id) VALUES ('1335845', 'end', NULL, 'timestamp', NULL, '1335835') using metastore;
INSERT INTO pipeline_node_schema (id, column_name, column_alias, data_type, sql_expression, fk_pipeline_node_id) VALUES ('1335846', 'records', NULL, 'bigint', NULL, '1335835') using metastore;
INSERT INTO pipeline_projection (id, filter_expression, windows_spec, order_by) VALUES ('1335828', NULL, NULL, NULL) using metastore;
INSERT INTO pipeline_sink (id, sink_type) VALUES ('1335835', 'JDBC') using metastore;
INSERT INTO pipeline_coordinates (id, coordinates, fk_pipeline_relation_id) VALUES ('84ea3700-0547-41be-8192-9994e4aaa2ea', '{"positions":[{"name":"jdbcsink_1","type":"JDBCSink","xCord":"690px","yCord":"30px","isExpand":null},{"name":"snowflake_visits","type":"DataSource","xCord":"11px","yCord":"62px","isExpand":true},{"name":"projection_0","type":"Projection","xCord":"362px","yCord":"135px","isExpand":null}],"connections":[{"source":"projection_0","target":"jdbcsink_1","targetType":1},{"source":"snowflake_visits","target":"projection_0","targetType":0}]}', '1335696') using metastore;