INSERT INTO pipeline_container (id, name, case_sensitive_name, description, fk_organisation_id) VALUES ('135905', 'nyc_pipelines', 'nyc_pipelines', NULL, '50702') using metastore;
INSERT INTO pipeline_relation (id, name, case_sensitive_name, description, fk_pipeline_container_id) VALUES ('135977', 'yellow_taxi_aggregates', 'yellow_taxi_aggregates', '', '135905') using metastore;
INSERT INTO pipeline_relation (id, name, case_sensitive_name, description, fk_pipeline_container_id) VALUES ('135957', 'taxi_zones_join', 'taxi_zones_join', NULL, '135905') using metastore;
INSERT INTO pipeline_relation (id, name, case_sensitive_name, description, fk_pipeline_container_id) VALUES ('135940', 'crash_data_quality', 'crash_data_quality', '', '135905') using metastore;
INSERT INTO pipeline_relation (id, name, case_sensitive_name, description, fk_pipeline_container_id) VALUES ('135928', 'crash_data_aggregation', 'crash_data_aggregation', '', '135905') using metastore;
INSERT INTO pipeline_relation (id, name, case_sensitive_name, description, fk_pipeline_container_id) VALUES ('135906', 'crash_data_filter', 'crash_data_filter', '', '135905') using metastore;
INSERT INTO pipeline_node (id, name, case_sensitive_name, description, fk_pipeline_relation_id, pipeline_type, sources) VALUES ('135907', 'crash', 'crash', '', '135906', 'SQLTable', NULL) using metastore;
INSERT INTO pipeline_node (id, name, case_sensitive_name, description, fk_pipeline_relation_id, pipeline_type, sources) VALUES ('135912', 'filter', 'filter', '', '135906', 'PROJECTION', NULL) using metastore;
INSERT INTO pipeline_node (id, name, case_sensitive_name, description, fk_pipeline_relation_id, pipeline_type, sources) VALUES ('135917', 'data_quality', 'data_quality', '', '135906', 'SimpleDQ', NULL) using metastore;
INSERT INTO pipeline_node (id, name, case_sensitive_name, description, fk_pipeline_relation_id, pipeline_type, sources) VALUES ('135978', 'yellow_taxi', 'yellow_taxi', '', '135977', 'SQLTable', NULL) using metastore;
INSERT INTO pipeline_node (id, name, case_sensitive_name, description, fk_pipeline_relation_id, pipeline_type, sources) VALUES ('135984', 'aggregates', 'aggregates', '', '135977', 'AGGREGATION', NULL) using metastore;
INSERT INTO pipeline_node (id, name, case_sensitive_name, description, fk_pipeline_relation_id, pipeline_type, sources) VALUES ('135929', 'crash', 'crash', '', '135928', 'SQLTable', NULL) using metastore;
INSERT INTO pipeline_node (id, name, case_sensitive_name, description, fk_pipeline_relation_id, pipeline_type, sources) VALUES ('135935', 'summary', 'summary', '', '135928', 'AGGREGATION', NULL) using metastore;
INSERT INTO pipeline_node (id, name, case_sensitive_name, description, fk_pipeline_relation_id, pipeline_type, sources) VALUES ('584906', 'yellow_taxi', 'yellow_taxi', NULL, '135957', 'SQLTable', NULL) using metastore;
INSERT INTO pipeline_node (id, name, case_sensitive_name, description, fk_pipeline_relation_id, pipeline_type, sources) VALUES ('584913', 'taxi_zones', 'taxi_zones', NULL, '135957', 'SQLTable', NULL) using metastore;
INSERT INTO pipeline_node (id, name, case_sensitive_name, description, fk_pipeline_relation_id, pipeline_type, sources) VALUES ('584916', 'zones_vc', 'zones_vc', NULL, '135957', 'PROJECTION', 'taxi_zones') using metastore;
INSERT INTO pipeline_node (id, name, case_sensitive_name, description, fk_pipeline_relation_id, pipeline_type, sources) VALUES ('584919', 'taxi_zone', 'taxi_zone', NULL, '135957', 'JOIN', 'yellow_taxi,zones_vc') using metastore;
INSERT INTO pipeline_node (id, name, case_sensitive_name, description, fk_pipeline_relation_id, pipeline_type, sources) VALUES ('584925', 'projection_0', 'projection_0', NULL, '135957', 'PROJECTION', 'taxi_zone') using metastore;
INSERT INTO pipeline_node (id, name, case_sensitive_name, description, fk_pipeline_relation_id, pipeline_type, sources) VALUES ('135941', 'crash', 'crash', '', '135940', 'SQLTable', NULL) using metastore;
INSERT INTO pipeline_node (id, name, case_sensitive_name, description, fk_pipeline_relation_id, pipeline_type, sources) VALUES ('135946', 'crash_dq', 'crash_dq', '', '135940', 'SimpleDQ', NULL) using metastore;
INSERT INTO pipeline_sqltable (id, source_tables, sql_query) VALUES ('135907', '', 'SELECT collision_id, crash_date, borough, zip_code 
FROM NY_VEHICLE_COLLISIONS.crash') using metastore;
INSERT INTO pipeline_sqltable (id, source_tables, sql_query) VALUES ('135978', '', 'select month(tpep_pickup_datetime) as month, fare_amount, total_amount, round(total_amount - fare_amount, 2) as extras, trip_distance from NY_TAXI.yellow_taxi') using metastore;
INSERT INTO pipeline_sqltable (id, source_tables, sql_query) VALUES ('135929', '', 'SELECT collision_id, crash_date, borough, number_of_persons_injured, number_of_persons_killed
FROM NY_VEHICLE_COLLISIONS.crash 
WHERE borough IS NOT NULL') using metastore;
INSERT INTO pipeline_sqltable (id, source_tables, sql_query) VALUES ('584906', NULL, 'select tpep_pickup_datetime, tpep_dropoff_datetime, fare_amount, total_amount, PULocationID, DOLocationID
from NY_TAXI.yellow_taxi') using metastore;
INSERT INTO pipeline_sqltable (id, source_tables, sql_query) VALUES ('584913', NULL, 'select LocationID, zone from NY_TAXI.taxi_zones') using metastore;
INSERT INTO pipeline_sqltable (id, source_tables, sql_query) VALUES ('135941', '', 'SELECT collision_id, crash_date, borough, zip_code 
FROM NY_VEHICLE_COLLISIONS.crash 
WHERE borough IS NOT NULL and zip_code IS NOT NULL') using metastore;
INSERT INTO pipeline_aggregation (id, filter_expression, order_by, group_expression, having_expression) VALUES ('135984', '', '', 'yellow_taxi.month', '') using metastore;
INSERT INTO pipeline_aggregation (id, filter_expression, order_by, group_expression, having_expression) VALUES ('135935', '', '', 'crash.borough', '') using metastore;
INSERT INTO pipeline_join (id, join_tables, join_predicate, filter_expression, order_by) VALUES ('584919', 'yellow_taxi,zones_vc', '(yellow_taxi.PULocationID = zones_vc.lid)', NULL, NULL) using metastore;
INSERT INTO pipeline_node_schema (id, column_name, column_alias, data_type, sql_expression, fk_pipeline_node_id) VALUES ('135916', 'zip_code', '', 'string', '', '135912') using metastore;
INSERT INTO pipeline_node_schema (id, column_name, column_alias, data_type, sql_expression, fk_pipeline_node_id) VALUES ('135915', 'borough', '', 'string', '', '135912') using metastore;
INSERT INTO pipeline_node_schema (id, column_name, column_alias, data_type, sql_expression, fk_pipeline_node_id) VALUES ('135914', 'crash_date', '', 'date', '', '135912') using metastore;
INSERT INTO pipeline_node_schema (id, column_name, column_alias, data_type, sql_expression, fk_pipeline_node_id) VALUES ('135913', 'collision_id', '', 'int', '', '135912') using metastore;
INSERT INTO pipeline_node_schema (id, column_name, column_alias, data_type, sql_expression, fk_pipeline_node_id) VALUES ('135911', 'NY_VEHICLE_COLLISIONS.crash.zip_code', 'zip_code', 'string', '', '135907') using metastore;
INSERT INTO pipeline_node_schema (id, column_name, column_alias, data_type, sql_expression, fk_pipeline_node_id) VALUES ('135910', 'NY_VEHICLE_COLLISIONS.crash.borough', 'borough', 'string', '', '135907') using metastore;
INSERT INTO pipeline_node_schema (id, column_name, column_alias, data_type, sql_expression, fk_pipeline_node_id) VALUES ('135909', 'NY_VEHICLE_COLLISIONS.crash.crash_date', 'crash_date', 'date', '', '135907') using metastore;
INSERT INTO pipeline_node_schema (id, column_name, column_alias, data_type, sql_expression, fk_pipeline_node_id) VALUES ('135908', 'NY_VEHICLE_COLLISIONS.crash.collision_id', 'collision_id', 'int', '', '135907') using metastore;
INSERT INTO pipeline_node_schema (id, column_name, column_alias, data_type, sql_expression, fk_pipeline_node_id) VALUES ('135921', 'message', '', 'string', '', '135917') using metastore;
INSERT INTO pipeline_node_schema (id, column_name, column_alias, data_type, sql_expression, fk_pipeline_node_id) VALUES ('135920', 'score', '', 'string', '', '135917') using metastore;
INSERT INTO pipeline_node_schema (id, column_name, column_alias, data_type, sql_expression, fk_pipeline_node_id) VALUES ('135919', 'constraint', '', 'string', '', '135917') using metastore;
INSERT INTO pipeline_node_schema (id, column_name, column_alias, data_type, sql_expression, fk_pipeline_node_id) VALUES ('135918', 'status', '', 'string', '', '135917') using metastore;
INSERT INTO pipeline_node_schema (id, column_name, column_alias, data_type, sql_expression, fk_pipeline_node_id) VALUES ('135983', 'NY_TAXI.yellow_taxi.trip_distance', 'trip_distance', 'double', '', '135978') using metastore;
INSERT INTO pipeline_node_schema (id, column_name, column_alias, data_type, sql_expression, fk_pipeline_node_id) VALUES ('135982', 'extras', 'extras', 'double', '', '135978') using metastore;
INSERT INTO pipeline_node_schema (id, column_name, column_alias, data_type, sql_expression, fk_pipeline_node_id) VALUES ('135981', 'NY_TAXI.yellow_taxi.total_amount', 'total_amount', 'double', '', '135978') using metastore;
INSERT INTO pipeline_node_schema (id, column_name, column_alias, data_type, sql_expression, fk_pipeline_node_id) VALUES ('135980', 'NY_TAXI.yellow_taxi.fare_amount', 'fare_amount', 'double', '', '135978') using metastore;
INSERT INTO pipeline_node_schema (id, column_name, column_alias, data_type, sql_expression, fk_pipeline_node_id) VALUES ('135979', 'month', 'month', 'int', '', '135978') using metastore;
INSERT INTO pipeline_node_schema (id, column_name, column_alias, data_type, sql_expression, fk_pipeline_node_id) VALUES ('135989', 'avg_trip_distance', 'avg_trip_distance', 'double', 'AVG(yellow_taxi.trip_distance)', '135984') using metastore;
INSERT INTO pipeline_node_schema (id, column_name, column_alias, data_type, sql_expression, fk_pipeline_node_id) VALUES ('135988', 'avg_extras', 'avg_extras', 'double', 'AVG(yellow_taxi.extras)', '135984') using metastore;
INSERT INTO pipeline_node_schema (id, column_name, column_alias, data_type, sql_expression, fk_pipeline_node_id) VALUES ('135987', 'avg_total_amount', 'avg_total_amount', 'double', 'AVG(yellow_taxi.total_amount)', '135984') using metastore;
INSERT INTO pipeline_node_schema (id, column_name, column_alias, data_type, sql_expression, fk_pipeline_node_id) VALUES ('135986', 'avg_fare_amount', 'avg_fare_amount', 'double', 'AVG(yellow_taxi.fare_amount)', '135984') using metastore;
INSERT INTO pipeline_node_schema (id, column_name, column_alias, data_type, sql_expression, fk_pipeline_node_id) VALUES ('135985', 'yellow_taxi.month', 'month', 'int', '', '135984') using metastore;
INSERT INTO pipeline_node_schema (id, column_name, column_alias, data_type, sql_expression, fk_pipeline_node_id) VALUES ('135939', 'total_fatalities', 'total_fatalities', 'bigint', 'SUM(crash.number_of_persons_killed)', '135935') using metastore;
INSERT INTO pipeline_node_schema (id, column_name, column_alias, data_type, sql_expression, fk_pipeline_node_id) VALUES ('135938', 'total_injuries', 'total_injuries', 'bigint', 'SUM(crash.number_of_persons_injured)', '135935') using metastore;
INSERT INTO pipeline_node_schema (id, column_name, column_alias, data_type, sql_expression, fk_pipeline_node_id) VALUES ('135937', 'total_crashes', 'total_crashes', 'bigint', 'COUNT(crash.collision_id)', '135935') using metastore;
INSERT INTO pipeline_node_schema (id, column_name, column_alias, data_type, sql_expression, fk_pipeline_node_id) VALUES ('135936', 'crash.borough', 'borough', 'string', '', '135935') using metastore;
INSERT INTO pipeline_node_schema (id, column_name, column_alias, data_type, sql_expression, fk_pipeline_node_id) VALUES ('135934', 'NY_VEHICLE_COLLISIONS.crash.number_of_persons_killed', 'number_of_persons_killed', 'int', '', '135929') using metastore;
INSERT INTO pipeline_node_schema (id, column_name, column_alias, data_type, sql_expression, fk_pipeline_node_id) VALUES ('135933', 'NY_VEHICLE_COLLISIONS.crash.number_of_persons_injured', 'number_of_persons_injured', 'int', '', '135929') using metastore;
INSERT INTO pipeline_node_schema (id, column_name, column_alias, data_type, sql_expression, fk_pipeline_node_id) VALUES ('135932', 'NY_VEHICLE_COLLISIONS.crash.borough', 'borough', 'string', '', '135929') using metastore;
INSERT INTO pipeline_node_schema (id, column_name, column_alias, data_type, sql_expression, fk_pipeline_node_id) VALUES ('135931', 'NY_VEHICLE_COLLISIONS.crash.crash_date', 'crash_date', 'date', '', '135929') using metastore;
INSERT INTO pipeline_node_schema (id, column_name, column_alias, data_type, sql_expression, fk_pipeline_node_id) VALUES ('135930', 'NY_VEHICLE_COLLISIONS.crash.collision_id', 'collision_id', 'int', '', '135929') using metastore;
INSERT INTO pipeline_node_schema (id, column_name, column_alias, data_type, sql_expression, fk_pipeline_node_id) VALUES ('584912', 'NY_TAXI.yellow_taxi.DOLocationID', 'DOLocationID', 'bigint', NULL, '584906') using metastore;
INSERT INTO pipeline_node_schema (id, column_name, column_alias, data_type, sql_expression, fk_pipeline_node_id) VALUES ('584911', 'NY_TAXI.yellow_taxi.PULocationID', 'PULocationID', 'bigint', NULL, '584906') using metastore;
INSERT INTO pipeline_node_schema (id, column_name, column_alias, data_type, sql_expression, fk_pipeline_node_id) VALUES ('584910', 'NY_TAXI.yellow_taxi.total_amount', 'total_amount', 'double', NULL, '584906') using metastore;
INSERT INTO pipeline_node_schema (id, column_name, column_alias, data_type, sql_expression, fk_pipeline_node_id) VALUES ('584909', 'NY_TAXI.yellow_taxi.fare_amount', 'fare_amount', 'double', NULL, '584906') using metastore;
INSERT INTO pipeline_node_schema (id, column_name, column_alias, data_type, sql_expression, fk_pipeline_node_id) VALUES ('584908', 'NY_TAXI.yellow_taxi.tpep_dropoff_datetime', 'tpep_dropoff_datetime', 'timestamp', NULL, '584906') using metastore;
INSERT INTO pipeline_node_schema (id, column_name, column_alias, data_type, sql_expression, fk_pipeline_node_id) VALUES ('584907', 'NY_TAXI.yellow_taxi.tpep_pickup_datetime', 'tpep_pickup_datetime', 'timestamp', NULL, '584906') using metastore;
INSERT INTO pipeline_node_schema (id, column_name, column_alias, data_type, sql_expression, fk_pipeline_node_id) VALUES ('584924', 'zones_vc.zone', 'zone', 'string', NULL, '584919') using metastore;
INSERT INTO pipeline_node_schema (id, column_name, column_alias, data_type, sql_expression, fk_pipeline_node_id) VALUES ('584923', 'yellow_taxi.total_amount', 'total_amount', 'double', NULL, '584919') using metastore;
INSERT INTO pipeline_node_schema (id, column_name, column_alias, data_type, sql_expression, fk_pipeline_node_id) VALUES ('584922', 'yellow_taxi.fare_amount', 'fare_amount', 'double', NULL, '584919') using metastore;
INSERT INTO pipeline_node_schema (id, column_name, column_alias, data_type, sql_expression, fk_pipeline_node_id) VALUES ('584921', 'yellow_taxi.tpep_dropoff_datetime', 'dropoff_datetime', 'timestamp', NULL, '584919') using metastore;
INSERT INTO pipeline_node_schema (id, column_name, column_alias, data_type, sql_expression, fk_pipeline_node_id) VALUES ('584920', 'yellow_taxi.tpep_pickup_datetime', 'pickup_datetime', 'timestamp', NULL, '584919') using metastore;
INSERT INTO pipeline_node_schema (id, column_name, column_alias, data_type, sql_expression, fk_pipeline_node_id) VALUES ('584930', 'zone', NULL, 'string', NULL, '584925') using metastore;
INSERT INTO pipeline_node_schema (id, column_name, column_alias, data_type, sql_expression, fk_pipeline_node_id) VALUES ('584929', 'total_amount', NULL, 'double', NULL, '584925') using metastore;
INSERT INTO pipeline_node_schema (id, column_name, column_alias, data_type, sql_expression, fk_pipeline_node_id) VALUES ('584928', 'fare_amount', NULL, 'double', NULL, '584925') using metastore;
INSERT INTO pipeline_node_schema (id, column_name, column_alias, data_type, sql_expression, fk_pipeline_node_id) VALUES ('584927', 'dropoff_datetime', NULL, 'timestamp', NULL, '584925') using metastore;
INSERT INTO pipeline_node_schema (id, column_name, column_alias, data_type, sql_expression, fk_pipeline_node_id) VALUES ('584926', 'pickup_datetime', NULL, 'timestamp', NULL, '584925') using metastore;
INSERT INTO pipeline_node_schema (id, column_name, column_alias, data_type, sql_expression, fk_pipeline_node_id) VALUES ('584918', 'lid', NULL, 'bigint', 'bigint(LocationID)', '584916') using metastore;
INSERT INTO pipeline_node_schema (id, column_name, column_alias, data_type, sql_expression, fk_pipeline_node_id) VALUES ('584917', 'zone', NULL, 'string', NULL, '584916') using metastore;
INSERT INTO pipeline_node_schema (id, column_name, column_alias, data_type, sql_expression, fk_pipeline_node_id) VALUES ('584915', 'NY_TAXI.taxi_zones.zone', 'zone', 'string', NULL, '584913') using metastore;
INSERT INTO pipeline_node_schema (id, column_name, column_alias, data_type, sql_expression, fk_pipeline_node_id) VALUES ('584914', 'NY_TAXI.taxi_zones.LocationID', 'LocationID', 'int', NULL, '584913') using metastore;
INSERT INTO pipeline_node_schema (id, column_name, column_alias, data_type, sql_expression, fk_pipeline_node_id) VALUES ('135950', 'message', '', 'string', '', '135946') using metastore;
INSERT INTO pipeline_node_schema (id, column_name, column_alias, data_type, sql_expression, fk_pipeline_node_id) VALUES ('135949', 'score', '', 'string', '', '135946') using metastore;
INSERT INTO pipeline_node_schema (id, column_name, column_alias, data_type, sql_expression, fk_pipeline_node_id) VALUES ('135948', 'constraint', '', 'string', '', '135946') using metastore;
INSERT INTO pipeline_node_schema (id, column_name, column_alias, data_type, sql_expression, fk_pipeline_node_id) VALUES ('135947', 'status', '', 'string', '', '135946') using metastore;
INSERT INTO pipeline_node_schema (id, column_name, column_alias, data_type, sql_expression, fk_pipeline_node_id) VALUES ('135945', 'NY_VEHICLE_COLLISIONS.crash.zip_code', 'zip_code', 'string', '', '135941') using metastore;
INSERT INTO pipeline_node_schema (id, column_name, column_alias, data_type, sql_expression, fk_pipeline_node_id) VALUES ('135944', 'NY_VEHICLE_COLLISIONS.crash.borough', 'borough', 'string', '', '135941') using metastore;
INSERT INTO pipeline_node_schema (id, column_name, column_alias, data_type, sql_expression, fk_pipeline_node_id) VALUES ('135943', 'NY_VEHICLE_COLLISIONS.crash.crash_date', 'crash_date', 'date', '', '135941') using metastore;
INSERT INTO pipeline_node_schema (id, column_name, column_alias, data_type, sql_expression, fk_pipeline_node_id) VALUES ('135942', 'NY_VEHICLE_COLLISIONS.crash.collision_id', 'collision_id', 'int', '', '135941') using metastore;
INSERT INTO pipeline_projection (id, filter_expression, windows_spec, order_by) VALUES ('135912', 'borough is not null AND zip_code is not null', NULL, '') using metastore;
INSERT INTO pipeline_projection (id, filter_expression, windows_spec, order_by) VALUES ('584925', NULL, NULL, NULL) using metastore;
INSERT INTO pipeline_projection (id, filter_expression, windows_spec, order_by) VALUES ('584916', NULL, NULL, NULL) using metastore;
INSERT INTO pipeline_simple_dq (id) VALUES ('135917') using metastore;
INSERT INTO pipeline_simple_dq (id) VALUES ('135946') using metastore;
INSERT INTO pipeline_simple_dq_rule (id, columns, name, expression, filter, fk_pipeline_simple_dq_id) VALUES ('135951', 'collision_id', 'Uniqueness', '', '', '135946') using metastore;
INSERT INTO pipeline_simple_dq_rule (id, columns, name, expression, filter, fk_pipeline_simple_dq_id) VALUES ('135952', 'collision_id', 'Completeness', '', '', '135946') using metastore;
INSERT INTO pipeline_simple_dq_rule (id, columns, name, expression, filter, fk_pipeline_simple_dq_id) VALUES ('135953', 'crash_date', 'Completeness', '', '', '135946') using metastore;
INSERT INTO pipeline_simple_dq_rule (id, columns, name, expression, filter, fk_pipeline_simple_dq_id) VALUES ('135954', 'borough', 'Completeness', '', '', '135946') using metastore;
INSERT INTO pipeline_simple_dq_rule (id, columns, name, expression, filter, fk_pipeline_simple_dq_id) VALUES ('135955', 'zip_code', 'Completeness', '', '', '135946') using metastore;
INSERT INTO pipeline_simple_dq_rule (id, columns, name, expression, filter, fk_pipeline_simple_dq_id) VALUES ('135956', 'zip_code', 'Pattern', '^[0-9]{5}(?:-[0-9]{4})?$', '', '135946') using metastore;
INSERT INTO pipeline_simple_dq_rule (id, columns, name, expression, filter, fk_pipeline_simple_dq_id) VALUES ('135922', 'collision_id', 'Uniqueness', '', '', '135917') using metastore;
INSERT INTO pipeline_simple_dq_rule (id, columns, name, expression, filter, fk_pipeline_simple_dq_id) VALUES ('135923', 'collision_id', 'Completeness', '', '', '135917') using metastore;
INSERT INTO pipeline_simple_dq_rule (id, columns, name, expression, filter, fk_pipeline_simple_dq_id) VALUES ('135924', 'crash_date', 'Completeness', '', '', '135917') using metastore;
INSERT INTO pipeline_simple_dq_rule (id, columns, name, expression, filter, fk_pipeline_simple_dq_id) VALUES ('135925', 'borough', 'Completeness', '', '', '135917') using metastore;
INSERT INTO pipeline_simple_dq_rule (id, columns, name, expression, filter, fk_pipeline_simple_dq_id) VALUES ('135926', 'zip_code', 'Completeness', '', '', '135917') using metastore;
INSERT INTO pipeline_simple_dq_rule (id, columns, name, expression, filter, fk_pipeline_simple_dq_id) VALUES ('135927', 'zip_code', 'Pattern', '^[0-9]{5}(?:-[0-9]{4})?$', '', '135917') using metastore;
INSERT INTO pipeline_coordinates (id, coordinates, fk_pipeline_relation_id) VALUES ('cb0d6cf4-14e6-4afa-a3a4-49a9f0c06a43', '{"positions":[{"name":"crash","type":"SQLTable","xCord":"64px","yCord":"109px"},{"name":"filter","type":"Projection","xCord":"309px","yCord":"108px"},{"name":"data_quality","type":"SimpleDQ","xCord":"560px","yCord":"108px"}],"connections":[{"source":"crash","target":"filter","targetType":0},{"source":"filter","target":"data_quality","targetType":0}]}', '135906') using metastore;
INSERT INTO pipeline_coordinates (id, coordinates, fk_pipeline_relation_id) VALUES ('db52df82-f960-4d45-87c8-499d191d8559', '{"positions":[{"name":"yellow_taxi","type":"SQLTable","xCord":"55px","yCord":"109px"},{"name":"aggregates","type":"Aggregation","xCord":"286px","yCord":"105px"}],"connections":[{"source":"yellow_taxi","target":"aggregates","targetType":0}]}', '135977') using metastore;
INSERT INTO pipeline_coordinates (id, coordinates, fk_pipeline_relation_id) VALUES ('645395fe-f434-4c82-a68f-36cb16ae17d3', '{"positions":[{"name":"crash","type":"SQLTable","xCord":"84px","yCord":"116px"},{"name":"summary","type":"Aggregation","xCord":"313px","yCord":"119px"}],"connections":[{"source":"crash","target":"summary","targetType":0}]}', '135928') using metastore;
INSERT INTO pipeline_coordinates (id, coordinates, fk_pipeline_relation_id) VALUES ('d231c593-cb9d-4a92-a98a-9393101aca8d', '{"positions":[{"name":"yellow_taxi","type":"SQLTable","xCord":"70px","yCord":"69px"},{"name":"taxi_zones","type":"SQLTable","xCord":"53px","yCord":"293px"},{"name":"zones_vc","type":"Projection","xCord":"259px","yCord":"234px"},{"name":"taxi_zone","type":"Join","xCord":"410px","yCord":"133px"},{"name":"projection_0","type":"Projection","xCord":"630px","yCord":"125px"}],"connections":[{"source":"taxi_zones","target":"zones_vc","targetType":0},{"source":"yellow_taxi","target":"taxi_zone","targetType":0},{"source":"zones_vc","target":"taxi_zone","targetType":0},{"source":"taxi_zone","target":"projection_0","targetType":0}]}', '135957') using metastore;
INSERT INTO pipeline_coordinates (id, coordinates, fk_pipeline_relation_id) VALUES ('3025fa8e-89e9-4731-88df-faf60566cb70', '{"positions":[{"name":"crash","type":"SQLTable","xCord":"139px","yCord":"79px"},{"name":"crash_dq","type":"SimpleDQ","xCord":"408px","yCord":"80px"}],"connections":[{"source":"crash","target":"crash_dq","targetType":0}]}', '135940') using metastore;