INSERT INTO pipeline_container (id, name, case_sensitive_name, description, fk_organisation_id) VALUES ('442954', 'snowflake_insurance', 'SNOWFLAKE_INSURANCE', NULL, '50702') using metastore;
INSERT INTO pipeline_relation (id, name, case_sensitive_name, description, fk_pipeline_container_id) VALUES ('443100', 'policies_insert', 'policies_insert', NULL, '442954') using metastore;
INSERT INTO pipeline_relation (id, name, case_sensitive_name, description, fk_pipeline_container_id) VALUES ('443072', 'leads_insert', 'leads_insert', NULL, '442954') using metastore;
INSERT INTO pipeline_relation (id, name, case_sensitive_name, description, fk_pipeline_container_id) VALUES ('443045', 'contacts_insert', 'contacts_insert', NULL, '442954') using metastore;
INSERT INTO pipeline_relation (id, name, case_sensitive_name, description, fk_pipeline_container_id) VALUES ('442978', 'agency_insert', 'agency_insert', NULL, '442954') using metastore;
INSERT INTO pipeline_relation (id, name, case_sensitive_name, description, fk_pipeline_container_id) VALUES ('442955', 'quote_insert', 'quote_insert', NULL, '442954') using metastore;
INSERT INTO pipeline_node (id, name, case_sensitive_name, description, fk_pipeline_relation_id, pipeline_type, sources) VALUES ('443121', 'jdbcsink_1', 'jdbcsink_1', NULL, '443100', 'SINK', NULL) using metastore;
INSERT INTO pipeline_node (id, name, case_sensitive_name, description, fk_pipeline_relation_id, pipeline_type, sources) VALUES ('443111', 'projection_0', 'projection_0', NULL, '443100', 'PROJECTION', NULL) using metastore;
INSERT INTO pipeline_node (id, name, case_sensitive_name, description, fk_pipeline_relation_id, pipeline_type, sources) VALUES ('443101', 'insurance_policy', 'insurance_policy', NULL, '443100', 'DATASOURCE', NULL) using metastore;
INSERT INTO pipeline_node (id, name, case_sensitive_name, description, fk_pipeline_relation_id, pipeline_type, sources) VALUES ('443087', 'jdbcsink_1', 'jdbcsink_1', NULL, '443072', 'SINK', NULL) using metastore;
INSERT INTO pipeline_node (id, name, case_sensitive_name, description, fk_pipeline_relation_id, pipeline_type, sources) VALUES ('443080', 'projection_0', 'projection_0', NULL, '443072', 'PROJECTION', NULL) using metastore;
INSERT INTO pipeline_node (id, name, case_sensitive_name, description, fk_pipeline_relation_id, pipeline_type, sources) VALUES ('443073', 'insurance_leads', 'insurance_leads', NULL, '443072', 'DATASOURCE', NULL) using metastore;
INSERT INTO pipeline_node (id, name, case_sensitive_name, description, fk_pipeline_relation_id, pipeline_type, sources) VALUES ('443060', 'jdbcsink_1', 'jdbcsink_1', NULL, '443045', 'SINK', NULL) using metastore;
INSERT INTO pipeline_node (id, name, case_sensitive_name, description, fk_pipeline_relation_id, pipeline_type, sources) VALUES ('443053', 'projection_0', 'projection_0', NULL, '443045', 'PROJECTION', NULL) using metastore;
INSERT INTO pipeline_node (id, name, case_sensitive_name, description, fk_pipeline_relation_id, pipeline_type, sources) VALUES ('443046', 'insurance_contacts', 'insurance_contacts', NULL, '443045', 'DATASOURCE', NULL) using metastore;
INSERT INTO pipeline_node (id, name, case_sensitive_name, description, fk_pipeline_relation_id, pipeline_type, sources) VALUES ('478179', 'jdbcsink_1', 'jdbcsink_1', NULL, '442955', 'SINK', NULL) using metastore;
INSERT INTO pipeline_node (id, name, case_sensitive_name, description, fk_pipeline_relation_id, pipeline_type, sources) VALUES ('478174', 'projection_1', 'projection_1', NULL, '442955', 'PROJECTION', NULL) using metastore;
INSERT INTO pipeline_node (id, name, case_sensitive_name, description, fk_pipeline_relation_id, pipeline_type, sources) VALUES ('478169', 'projection_0', 'projection_0', NULL, '442955', 'PROJECTION', NULL) using metastore;
INSERT INTO pipeline_node (id, name, case_sensitive_name, description, fk_pipeline_relation_id, pipeline_type, sources) VALUES ('478164', 'insurance_quote', 'insurance_quote', NULL, '442955', 'DATASOURCE', NULL) using metastore;
INSERT INTO pipeline_node (id, name, case_sensitive_name, description, fk_pipeline_relation_id, pipeline_type, sources) VALUES ('478152', 'jdbcsink_1', 'jdbcsink_1', NULL, '442978', 'SINK', NULL) using metastore;
INSERT INTO pipeline_node (id, name, case_sensitive_name, description, fk_pipeline_relation_id, pipeline_type, sources) VALUES ('478147', 'projection_0', 'projection_0', NULL, '442978', 'PROJECTION', NULL) using metastore;
INSERT INTO pipeline_node (id, name, case_sensitive_name, description, fk_pipeline_relation_id, pipeline_type, sources) VALUES ('478142', 'insurance_agency', 'insurance_agency', NULL, '442978', 'DATASOURCE', NULL) using metastore;
INSERT INTO pipeline_datasource (id, datasource_table) VALUES ('443101', '`Insurance`.`policy`') using metastore;
INSERT INTO pipeline_datasource (id, datasource_table) VALUES ('443073', '`Insurance`.`leads`') using metastore;
INSERT INTO pipeline_datasource (id, datasource_table) VALUES ('443046', '`Insurance`.`contacts`') using metastore;
INSERT INTO pipeline_datasource (id, datasource_table) VALUES ('478164', '`Insurance`.`quote`') using metastore;
INSERT INTO pipeline_datasource (id, datasource_table) VALUES ('478142', '`Insurance`.`agency`') using metastore;
INSERT INTO pipeline_node_property (id, property_key, property_value, fk_pipeline_node_id) VALUES ('478153', 'url', '{{SNOW_APAC}}', '478152') using metastore;
INSERT INTO pipeline_node_property (id, property_key, property_value, fk_pipeline_node_id) VALUES ('478154', 'driver', '{{SNOW_DRIVER}}', '478152') using metastore;
INSERT INTO pipeline_node_property (id, property_key, property_value, fk_pipeline_node_id) VALUES ('478155', 'username', '{{SNOW_USER}}', '478152') using metastore;
INSERT INTO pipeline_node_property (id, property_key, property_value, fk_pipeline_node_id) VALUES ('478156', 'password', 'ivbGIcSqy49Di51XI9L6bKSqPy3ilS9BAQfwbutzDpRVGtjvUN5N97CKuFJU9Ww6YVwZUAUhR79xeZAclGLfjA2FDIOy4qPqzuQD/w+Ehabyb2quhheV/rr6WE5cqT3mxfisdOu5fkye/7RZ6DMic0mq7+e7kI+gSw63sNxiVf/ug6YVFkDLVTsNU9Moj334qlqEzdfiou6P2Vr+WHWQW5F2ztOhbOtJ8+ml7JLr5ny2O46+mZIqkU0QpG+12xRAMcfQoAL603yK42544LQ1iOVdK2jo1Os+Pip9xpBj4f75arcB2CcqrHuqyfT4Cr8iGz5vf8aEWtE5q53TlT/FRA==', '478152') using metastore;
INSERT INTO pipeline_node_property (id, property_key, property_value, fk_pipeline_node_id) VALUES ('478157', 'dbtable', 'agency', '478152') using metastore;
INSERT INTO pipeline_node_property (id, property_key, property_value, fk_pipeline_node_id) VALUES ('478158', 'overwrite', 'false', '478152') using metastore;
INSERT INTO pipeline_node_property (id, property_key, property_value, fk_pipeline_node_id) VALUES ('478159', 'db', 'DEMO_DB', '478152') using metastore;
INSERT INTO pipeline_node_property (id, property_key, property_value, fk_pipeline_node_id) VALUES ('478160', 'SCHEMA', 'INSURANCE', '478152') using metastore;
INSERT INTO pipeline_node_property (id, property_key, property_value, fk_pipeline_node_id) VALUES ('478180', 'url', '{{SNOW_APAC}}', '478179') using metastore;
INSERT INTO pipeline_node_property (id, property_key, property_value, fk_pipeline_node_id) VALUES ('478181', 'driver', '{{SNOW_DRIVER}}', '478179') using metastore;
INSERT INTO pipeline_node_property (id, property_key, property_value, fk_pipeline_node_id) VALUES ('478182', 'username', '{{SNOW_USER}}', '478179') using metastore;
INSERT INTO pipeline_node_property (id, property_key, property_value, fk_pipeline_node_id) VALUES ('478183', 'password', 'uUHJ+r3rEbJ1Ei4tqvgS+R2AMjTmGSyhK40BgJpz8yKVcXViEcjrSTDIs/TLOYHz1ZRl/QTgiRVgC3HguSwM30CVWSKNkROVHnIZ9LarJdv4iqPcqLT+fFmYF0WaJ4dfHZyKphuB0LGHh+cfwVKMqwhcokfH8qfxuLYJIux8BRn3Ng6lQpqsCqqmLAVVqMC2L+c1BKMgTUNSVg7BaBmRQa/QRDv7j6Gb+mXnxgNbM1RCL/GcGxuSUzGmmIk6w0Gbh+AbDyC2gyZwiqzzy2e7uVagieXI2mFL10Nvy6bJJwWDAu1w8DoDrSnnVv/jHq1BQJ8gBXLWGMRj2Ek+dcZUKg==', '478179') using metastore;
INSERT INTO pipeline_node_property (id, property_key, property_value, fk_pipeline_node_id) VALUES ('478184', 'dbtable', 'quote', '478179') using metastore;
INSERT INTO pipeline_node_property (id, property_key, property_value, fk_pipeline_node_id) VALUES ('478185', 'overwrite', 'false', '478179') using metastore;
INSERT INTO pipeline_node_property (id, property_key, property_value, fk_pipeline_node_id) VALUES ('478186', 'db', 'DEMO_DB', '478179') using metastore;
INSERT INTO pipeline_node_property (id, property_key, property_value, fk_pipeline_node_id) VALUES ('478187', 'schema', 'INSURANCE', '478179') using metastore;
INSERT INTO pipeline_node_property (id, property_key, property_value, fk_pipeline_node_id) VALUES ('443061', 'url', '{{SNOW_APAC}}', '443060') using metastore;
INSERT INTO pipeline_node_property (id, property_key, property_value, fk_pipeline_node_id) VALUES ('443062', 'driver', '{{SNOW_DRIVER}}', '443060') using metastore;
INSERT INTO pipeline_node_property (id, property_key, property_value, fk_pipeline_node_id) VALUES ('443063', 'username', '{{SNOW_USER}}', '443060') using metastore;
INSERT INTO pipeline_node_property (id, property_key, property_value, fk_pipeline_node_id) VALUES ('443064', 'password', 'Ka/argER+jcBiUO7W7E6ltzI2VUM0X9SARDoXAhM+UzcPjFHamvXqBTzRn3YQEO7xiUrAJBqYbR1emho4CaWSELtkx2A4dsluEGat8frZfQlBtJ2unG5ZnixcqweqpYkBXKx0hwrE+Ah92fTExETB34M9sOkEDP2Pp63s3CUpp4w2tXGket7DbR3w2FIcYLtquBrV/W/DVD3dFVH40Na+ODnAFqVtz1PWKl3PFHz86HcJFoXVJmghq5GSmPYx9RRSMgAOWaT82CK/cbJa9mnfUOyI19X4tNc8euu2AOZTDQGccQEv6tXuwi0k2h34T6D5Ono/P74tX+bFtnggJxqZA==', '443060') using metastore;
INSERT INTO pipeline_node_property (id, property_key, property_value, fk_pipeline_node_id) VALUES ('443065', 'dbtable', 'contacts', '443060') using metastore;
INSERT INTO pipeline_node_property (id, property_key, property_value, fk_pipeline_node_id) VALUES ('443066', 'overwrite', 'false', '443060') using metastore;
INSERT INTO pipeline_node_property (id, property_key, property_value, fk_pipeline_node_id) VALUES ('443067', 'db', 'DEMO_DB', '443060') using metastore;
INSERT INTO pipeline_node_property (id, property_key, property_value, fk_pipeline_node_id) VALUES ('443068', 'SCHEMA', 'INSURANCE', '443060') using metastore;
INSERT INTO pipeline_node_property (id, property_key, property_value, fk_pipeline_node_id) VALUES ('443088', 'url', '{{SNOW_APAC}}', '443087') using metastore;
INSERT INTO pipeline_node_property (id, property_key, property_value, fk_pipeline_node_id) VALUES ('443089', 'driver', '{{SNOW_DRIVER}}', '443087') using metastore;
INSERT INTO pipeline_node_property (id, property_key, property_value, fk_pipeline_node_id) VALUES ('443090', 'username', '{{SNOW_USER}}', '443087') using metastore;
INSERT INTO pipeline_node_property (id, property_key, property_value, fk_pipeline_node_id) VALUES ('443091', 'password', 'gaXn3rDFHhpxGVlrQEUOE0msyevWKHmh6aoN2UiTmCmUJPw4GEN00M0g3qvXO3nq6PUsndUBpkmFAZMughqeqfpSckF/MRmAp93QpT4R3BjPEJvi7KJSr9TiF6vFyeXo6629YS9/o66F06UqKzyo6X4h68N12POi+kfzzPUJaj277TFxwwP5BHL0B5uBRhCYm7VFSffxwDd0guPsJeQdgjJNpcRBkUFYoUd7jB7bEWK/NBTzQDf8dq+gJrQiIISdJPx2sOWl6dGpIzo5vBr5dVF3ipGE/3WbJtBpkFAJeFpNFln57iHgeyu9n6G1SEIUqvWAyMOoaEYjCTY/hs2Rhg==', '443087') using metastore;
INSERT INTO pipeline_node_property (id, property_key, property_value, fk_pipeline_node_id) VALUES ('443092', 'dbtable', 'leads', '443087') using metastore;
INSERT INTO pipeline_node_property (id, property_key, property_value, fk_pipeline_node_id) VALUES ('443093', 'overwrite', 'false', '443087') using metastore;
INSERT INTO pipeline_node_property (id, property_key, property_value, fk_pipeline_node_id) VALUES ('443094', 'db', 'DEMO_DB', '443087') using metastore;
INSERT INTO pipeline_node_property (id, property_key, property_value, fk_pipeline_node_id) VALUES ('443095', 'SCHEMA', 'INSURANCE', '443087') using metastore;
INSERT INTO pipeline_node_property (id, property_key, property_value, fk_pipeline_node_id) VALUES ('443122', 'url', '{{SNOW_APAC}}', '443121') using metastore;
INSERT INTO pipeline_node_property (id, property_key, property_value, fk_pipeline_node_id) VALUES ('443123', 'driver', '{{SNOW_DRIVER}}', '443121') using metastore;
INSERT INTO pipeline_node_property (id, property_key, property_value, fk_pipeline_node_id) VALUES ('443124', 'username', '{{SNOW_USER}}', '443121') using metastore;
INSERT INTO pipeline_node_property (id, property_key, property_value, fk_pipeline_node_id) VALUES ('443125', 'password', 'ifg5OeF/j1D73Cc5GgZKHgHztjw+qR1FVPKol4mA1rh+Q5k+G5gY+LR7IF/Q2J4ilTc5UfgFBnt6ao57nLpezvs1D2Iw/Mdem5Rs/UhN9JSZiY1bh0bbET4mmZM4MT1Py+L/ngYZuOSnaAseL1s3WhLSrCNa3gsLn5wXco87d/idbcmHrFvPvLxjb1RNeenr4mRt5oXwLjjtLAxyqc6BLhMzX7UzxEH68ZIAUbnb8rY9WEPiZdtLjnZ26j7ESZQrisHCTKII3Q0UCJ09SdSKNRgmW64RGlfzvP1uUb6eBhD86T10/2gOCLxb5eJqxr7vElUjwtwXVqHDN1bA3X8L8Q==', '443121') using metastore;
INSERT INTO pipeline_node_property (id, property_key, property_value, fk_pipeline_node_id) VALUES ('443126', 'dbtable', 'policies', '443121') using metastore;
INSERT INTO pipeline_node_property (id, property_key, property_value, fk_pipeline_node_id) VALUES ('443127', 'overwrite', 'false', '443121') using metastore;
INSERT INTO pipeline_node_property (id, property_key, property_value, fk_pipeline_node_id) VALUES ('443128', 'db', 'DEMO_DB', '443121') using metastore;
INSERT INTO pipeline_node_property (id, property_key, property_value, fk_pipeline_node_id) VALUES ('443129', 'SCHEMA', 'INSURANCE', '443121') using metastore;
INSERT INTO pipeline_node_schema (id, column_name, column_alias, data_type, sql_expression, fk_pipeline_node_id) VALUES ('443098', 'records', NULL, 'long', NULL, '443087') using metastore;
INSERT INTO pipeline_node_schema (id, column_name, column_alias, data_type, sql_expression, fk_pipeline_node_id) VALUES ('443097', 'end', NULL, 'timestamp', NULL, '443087') using metastore;
INSERT INTO pipeline_node_schema (id, column_name, column_alias, data_type, sql_expression, fk_pipeline_node_id) VALUES ('443096', 'start', NULL, 'timestamp', NULL, '443087') using metastore;
INSERT INTO pipeline_node_schema (id, column_name, column_alias, data_type, sql_expression, fk_pipeline_node_id) VALUES ('443086', 'quote_id', NULL, 'string', NULL, '443080') using metastore;
INSERT INTO pipeline_node_schema (id, column_name, column_alias, data_type, sql_expression, fk_pipeline_node_id) VALUES ('443085', 'lead_status', NULL, 'string', NULL, '443080') using metastore;
INSERT INTO pipeline_node_schema (id, column_name, column_alias, data_type, sql_expression, fk_pipeline_node_id) VALUES ('443084', 'lead_source', NULL, 'string', NULL, '443080') using metastore;
INSERT INTO pipeline_node_schema (id, column_name, column_alias, data_type, sql_expression, fk_pipeline_node_id) VALUES ('443083', 'lead_id', NULL, 'string', NULL, '443080') using metastore;
INSERT INTO pipeline_node_schema (id, column_name, column_alias, data_type, sql_expression, fk_pipeline_node_id) VALUES ('443082', 'lead_date', NULL, 'string', NULL, '443080') using metastore;
INSERT INTO pipeline_node_schema (id, column_name, column_alias, data_type, sql_expression, fk_pipeline_node_id) VALUES ('443081', 'contact_id', NULL, 'string', NULL, '443080') using metastore;
INSERT INTO pipeline_node_schema (id, column_name, column_alias, data_type, sql_expression, fk_pipeline_node_id) VALUES ('478190', 'records', NULL, 'long', NULL, '478179') using metastore;
INSERT INTO pipeline_node_schema (id, column_name, column_alias, data_type, sql_expression, fk_pipeline_node_id) VALUES ('478189', 'end', NULL, 'timestamp', NULL, '478179') using metastore;
INSERT INTO pipeline_node_schema (id, column_name, column_alias, data_type, sql_expression, fk_pipeline_node_id) VALUES ('478188', 'start', NULL, 'timestamp', NULL, '478179') using metastore;
INSERT INTO pipeline_node_schema (id, column_name, column_alias, data_type, sql_expression, fk_pipeline_node_id) VALUES ('443132', 'records', NULL, 'long', NULL, '443121') using metastore;
INSERT INTO pipeline_node_schema (id, column_name, column_alias, data_type, sql_expression, fk_pipeline_node_id) VALUES ('443131', 'end', NULL, 'timestamp', NULL, '443121') using metastore;
INSERT INTO pipeline_node_schema (id, column_name, column_alias, data_type, sql_expression, fk_pipeline_node_id) VALUES ('443130', 'start', NULL, 'timestamp', NULL, '443121') using metastore;
INSERT INTO pipeline_node_schema (id, column_name, column_alias, data_type, sql_expression, fk_pipeline_node_id) VALUES ('478146', 'phone', NULL, 'string', NULL, '478142') using metastore;
INSERT INTO pipeline_node_schema (id, column_name, column_alias, data_type, sql_expression, fk_pipeline_node_id) VALUES ('478145', 'location', NULL, 'string', NULL, '478142') using metastore;
INSERT INTO pipeline_node_schema (id, column_name, column_alias, data_type, sql_expression, fk_pipeline_node_id) VALUES ('478144', 'agency_name', NULL, 'string', NULL, '478142') using metastore;
INSERT INTO pipeline_node_schema (id, column_name, column_alias, data_type, sql_expression, fk_pipeline_node_id) VALUES ('478143', 'agency_id', NULL, 'string', NULL, '478142') using metastore;
INSERT INTO pipeline_node_schema (id, column_name, column_alias, data_type, sql_expression, fk_pipeline_node_id) VALUES ('443110', 'start_date', NULL, 'string', NULL, '443101') using metastore;
INSERT INTO pipeline_node_schema (id, column_name, column_alias, data_type, sql_expression, fk_pipeline_node_id) VALUES ('443109', 'quote_id', NULL, 'string', NULL, '443101') using metastore;
INSERT INTO pipeline_node_schema (id, column_name, column_alias, data_type, sql_expression, fk_pipeline_node_id) VALUES ('443108', 'premium_amount', NULL, 'bigint', NULL, '443101') using metastore;
INSERT INTO pipeline_node_schema (id, column_name, column_alias, data_type, sql_expression, fk_pipeline_node_id) VALUES ('443107', 'policy_type', NULL, 'string', NULL, '443101') using metastore;
INSERT INTO pipeline_node_schema (id, column_name, column_alias, data_type, sql_expression, fk_pipeline_node_id) VALUES ('443106', 'policy_id', NULL, 'string', NULL, '443101') using metastore;
INSERT INTO pipeline_node_schema (id, column_name, column_alias, data_type, sql_expression, fk_pipeline_node_id) VALUES ('443105', 'insured_name', NULL, 'string', NULL, '443101') using metastore;
INSERT INTO pipeline_node_schema (id, column_name, column_alias, data_type, sql_expression, fk_pipeline_node_id) VALUES ('443104', 'end_date', NULL, 'string', NULL, '443101') using metastore;
INSERT INTO pipeline_node_schema (id, column_name, column_alias, data_type, sql_expression, fk_pipeline_node_id) VALUES ('443103', 'contact_id', NULL, 'string', NULL, '443101') using metastore;
INSERT INTO pipeline_node_schema (id, column_name, column_alias, data_type, sql_expression, fk_pipeline_node_id) VALUES ('443102', 'agency_id', NULL, 'string', NULL, '443101') using metastore;
INSERT INTO pipeline_node_schema (id, column_name, column_alias, data_type, sql_expression, fk_pipeline_node_id) VALUES ('443052', 'phone', NULL, 'string', NULL, '443046') using metastore;
INSERT INTO pipeline_node_schema (id, column_name, column_alias, data_type, sql_expression, fk_pipeline_node_id) VALUES ('443051', 'last_name', NULL, 'string', NULL, '443046') using metastore;
INSERT INTO pipeline_node_schema (id, column_name, column_alias, data_type, sql_expression, fk_pipeline_node_id) VALUES ('443050', 'first_name', NULL, 'string', NULL, '443046') using metastore;
INSERT INTO pipeline_node_schema (id, column_name, column_alias, data_type, sql_expression, fk_pipeline_node_id) VALUES ('443049', 'email', NULL, 'string', NULL, '443046') using metastore;
INSERT INTO pipeline_node_schema (id, column_name, column_alias, data_type, sql_expression, fk_pipeline_node_id) VALUES ('443048', 'contact_id', NULL, 'string', NULL, '443046') using metastore;
INSERT INTO pipeline_node_schema (id, column_name, column_alias, data_type, sql_expression, fk_pipeline_node_id) VALUES ('443047', 'address', NULL, 'string', NULL, '443046') using metastore;
INSERT INTO pipeline_node_schema (id, column_name, column_alias, data_type, sql_expression, fk_pipeline_node_id) VALUES ('478168', 'quote_status', NULL, 'string', NULL, '478164') using metastore;
INSERT INTO pipeline_node_schema (id, column_name, column_alias, data_type, sql_expression, fk_pipeline_node_id) VALUES ('478167', 'quote_id', NULL, 'string', NULL, '478164') using metastore;
INSERT INTO pipeline_node_schema (id, column_name, column_alias, data_type, sql_expression, fk_pipeline_node_id) VALUES ('478166', 'quote_date', NULL, 'string', NULL, '478164') using metastore;
INSERT INTO pipeline_node_schema (id, column_name, column_alias, data_type, sql_expression, fk_pipeline_node_id) VALUES ('478165', 'quote_amount', NULL, 'bigint', NULL, '478164') using metastore;
INSERT INTO pipeline_node_schema (id, column_name, column_alias, data_type, sql_expression, fk_pipeline_node_id) VALUES ('443071', 'records', NULL, 'long', NULL, '443060') using metastore;
INSERT INTO pipeline_node_schema (id, column_name, column_alias, data_type, sql_expression, fk_pipeline_node_id) VALUES ('443070', 'end', NULL, 'timestamp', NULL, '443060') using metastore;
INSERT INTO pipeline_node_schema (id, column_name, column_alias, data_type, sql_expression, fk_pipeline_node_id) VALUES ('443069', 'start', NULL, 'timestamp', NULL, '443060') using metastore;
INSERT INTO pipeline_node_schema (id, column_name, column_alias, data_type, sql_expression, fk_pipeline_node_id) VALUES ('478151', 'phone', NULL, 'string', NULL, '478147') using metastore;
INSERT INTO pipeline_node_schema (id, column_name, column_alias, data_type, sql_expression, fk_pipeline_node_id) VALUES ('478150', 'location', NULL, 'string', NULL, '478147') using metastore;
INSERT INTO pipeline_node_schema (id, column_name, column_alias, data_type, sql_expression, fk_pipeline_node_id) VALUES ('478149', 'agency_name', NULL, 'string', NULL, '478147') using metastore;
INSERT INTO pipeline_node_schema (id, column_name, column_alias, data_type, sql_expression, fk_pipeline_node_id) VALUES ('478148', 'agency_id', NULL, 'string', NULL, '478147') using metastore;
INSERT INTO pipeline_node_schema (id, column_name, column_alias, data_type, sql_expression, fk_pipeline_node_id) VALUES ('478173', 'quote_dt', NULL, 'date', 'current_date()', '478169') using metastore;
INSERT INTO pipeline_node_schema (id, column_name, column_alias, data_type, sql_expression, fk_pipeline_node_id) VALUES ('478172', 'quote_amt', NULL, 'decimal(10,2)', 'CAST(quote_amount as decimal(10,2))', '478169') using metastore;
INSERT INTO pipeline_node_schema (id, column_name, column_alias, data_type, sql_expression, fk_pipeline_node_id) VALUES ('478171', 'quote_status', NULL, 'string', NULL, '478169') using metastore;
INSERT INTO pipeline_node_schema (id, column_name, column_alias, data_type, sql_expression, fk_pipeline_node_id) VALUES ('478170', 'quote_id', NULL, 'string', NULL, '478169') using metastore;
INSERT INTO pipeline_node_schema (id, column_name, column_alias, data_type, sql_expression, fk_pipeline_node_id) VALUES ('443079', 'quote_id', NULL, 'string', NULL, '443073') using metastore;
INSERT INTO pipeline_node_schema (id, column_name, column_alias, data_type, sql_expression, fk_pipeline_node_id) VALUES ('443078', 'lead_status', NULL, 'string', NULL, '443073') using metastore;
INSERT INTO pipeline_node_schema (id, column_name, column_alias, data_type, sql_expression, fk_pipeline_node_id) VALUES ('443077', 'lead_source', NULL, 'string', NULL, '443073') using metastore;
INSERT INTO pipeline_node_schema (id, column_name, column_alias, data_type, sql_expression, fk_pipeline_node_id) VALUES ('443076', 'lead_id', NULL, 'string', NULL, '443073') using metastore;
INSERT INTO pipeline_node_schema (id, column_name, column_alias, data_type, sql_expression, fk_pipeline_node_id) VALUES ('443075', 'lead_date', NULL, 'string', NULL, '443073') using metastore;
INSERT INTO pipeline_node_schema (id, column_name, column_alias, data_type, sql_expression, fk_pipeline_node_id) VALUES ('443074', 'contact_id', NULL, 'string', NULL, '443073') using metastore;
INSERT INTO pipeline_node_schema (id, column_name, column_alias, data_type, sql_expression, fk_pipeline_node_id) VALUES ('478178', 'quote_dt', 'quote_date', 'date', NULL, '478174') using metastore;
INSERT INTO pipeline_node_schema (id, column_name, column_alias, data_type, sql_expression, fk_pipeline_node_id) VALUES ('478177', 'quote_amt', 'quote_amount', 'decimal(10,2)', NULL, '478174') using metastore;
INSERT INTO pipeline_node_schema (id, column_name, column_alias, data_type, sql_expression, fk_pipeline_node_id) VALUES ('478176', 'quote_status', NULL, 'string', NULL, '478174') using metastore;
INSERT INTO pipeline_node_schema (id, column_name, column_alias, data_type, sql_expression, fk_pipeline_node_id) VALUES ('478175', 'quote_id', NULL, 'string', NULL, '478174') using metastore;
INSERT INTO pipeline_node_schema (id, column_name, column_alias, data_type, sql_expression, fk_pipeline_node_id) VALUES ('443059', 'phone', NULL, 'string', NULL, '443053') using metastore;
INSERT INTO pipeline_node_schema (id, column_name, column_alias, data_type, sql_expression, fk_pipeline_node_id) VALUES ('443058', 'last_name', NULL, 'string', NULL, '443053') using metastore;
INSERT INTO pipeline_node_schema (id, column_name, column_alias, data_type, sql_expression, fk_pipeline_node_id) VALUES ('443057', 'first_name', NULL, 'string', NULL, '443053') using metastore;
INSERT INTO pipeline_node_schema (id, column_name, column_alias, data_type, sql_expression, fk_pipeline_node_id) VALUES ('443056', 'email', NULL, 'string', NULL, '443053') using metastore;
INSERT INTO pipeline_node_schema (id, column_name, column_alias, data_type, sql_expression, fk_pipeline_node_id) VALUES ('443055', 'contact_id', NULL, 'string', NULL, '443053') using metastore;
INSERT INTO pipeline_node_schema (id, column_name, column_alias, data_type, sql_expression, fk_pipeline_node_id) VALUES ('443054', 'address', NULL, 'string', NULL, '443053') using metastore;
INSERT INTO pipeline_node_schema (id, column_name, column_alias, data_type, sql_expression, fk_pipeline_node_id) VALUES ('478163', 'records', NULL, 'long', NULL, '478152') using metastore;
INSERT INTO pipeline_node_schema (id, column_name, column_alias, data_type, sql_expression, fk_pipeline_node_id) VALUES ('478162', 'end', NULL, 'timestamp', NULL, '478152') using metastore;
INSERT INTO pipeline_node_schema (id, column_name, column_alias, data_type, sql_expression, fk_pipeline_node_id) VALUES ('478161', 'start', NULL, 'timestamp', NULL, '478152') using metastore;
INSERT INTO pipeline_node_schema (id, column_name, column_alias, data_type, sql_expression, fk_pipeline_node_id) VALUES ('443120', 'start_date', NULL, 'string', NULL, '443111') using metastore;
INSERT INTO pipeline_node_schema (id, column_name, column_alias, data_type, sql_expression, fk_pipeline_node_id) VALUES ('443119', 'quote_id', NULL, 'string', NULL, '443111') using metastore;
INSERT INTO pipeline_node_schema (id, column_name, column_alias, data_type, sql_expression, fk_pipeline_node_id) VALUES ('443118', 'premium_amount', NULL, 'bigint', NULL, '443111') using metastore;
INSERT INTO pipeline_node_schema (id, column_name, column_alias, data_type, sql_expression, fk_pipeline_node_id) VALUES ('443117', 'policy_type', NULL, 'string', NULL, '443111') using metastore;
INSERT INTO pipeline_node_schema (id, column_name, column_alias, data_type, sql_expression, fk_pipeline_node_id) VALUES ('443116', 'policy_id', NULL, 'string', NULL, '443111') using metastore;
INSERT INTO pipeline_node_schema (id, column_name, column_alias, data_type, sql_expression, fk_pipeline_node_id) VALUES ('443115', 'insured_name', NULL, 'string', NULL, '443111') using metastore;
INSERT INTO pipeline_node_schema (id, column_name, column_alias, data_type, sql_expression, fk_pipeline_node_id) VALUES ('443114', 'end_date', NULL, 'string', NULL, '443111') using metastore;
INSERT INTO pipeline_node_schema (id, column_name, column_alias, data_type, sql_expression, fk_pipeline_node_id) VALUES ('443113', 'contact_id', NULL, 'string', NULL, '443111') using metastore;
INSERT INTO pipeline_node_schema (id, column_name, column_alias, data_type, sql_expression, fk_pipeline_node_id) VALUES ('443112', 'agency_id', NULL, 'string', NULL, '443111') using metastore;
INSERT INTO pipeline_projection (id, filter_expression, windows_spec, order_by) VALUES ('443111', NULL, NULL, NULL) using metastore;
INSERT INTO pipeline_projection (id, filter_expression, windows_spec, order_by) VALUES ('443080', NULL, NULL, NULL) using metastore;
INSERT INTO pipeline_projection (id, filter_expression, windows_spec, order_by) VALUES ('443053', NULL, NULL, NULL) using metastore;
INSERT INTO pipeline_projection (id, filter_expression, windows_spec, order_by) VALUES ('478169', NULL, NULL, NULL) using metastore;
INSERT INTO pipeline_projection (id, filter_expression, windows_spec, order_by) VALUES ('478174', NULL, NULL, NULL) using metastore;
INSERT INTO pipeline_projection (id, filter_expression, windows_spec, order_by) VALUES ('478147', NULL, NULL, NULL) using metastore;