INSERT INTO pipeline_container (id, name, case_sensitive_name, description, fk_organisation_id) VALUES ('253255', 'snowflake_azure', 'SNOWFLAKE_AZURE', NULL, '50702') using metastore;
INSERT INTO pipeline_relation (id, name, case_sensitive_name, description, fk_pipeline_container_id) VALUES ('253256', 'cost_supp', 'cost_supp', NULL, '253255') using metastore;
INSERT INTO pipeline_node (id, name, case_sensitive_name, description, fk_pipeline_relation_id, pipeline_type, sources) VALUES ('506976', 'projection_2', 'projection_2', NULL, '253256', 'PROJECTION', 'join_0') using metastore;
INSERT INTO pipeline_node (id, name, case_sensitive_name, description, fk_pipeline_relation_id, pipeline_type, sources) VALUES ('506968', 'join_0', 'join_0', NULL, '253256', 'JOIN', 'azure_mssql_customer,snowflake_supplier') using metastore;
INSERT INTO pipeline_node (id, name, case_sensitive_name, description, fk_pipeline_relation_id, pipeline_type, sources) VALUES ('506960', 'snowflake_supplier', 'snowflake_supplier', NULL, '253256', 'DATASOURCE', 'Snowflake.SUPPLIER') using metastore;
INSERT INTO pipeline_node (id, name, case_sensitive_name, description, fk_pipeline_relation_id, pipeline_type, sources) VALUES ('506951', 'azure_mssql_customer', 'azure_mssql_customer', NULL, '253256', 'DATASOURCE', 'AZURE_MSSQL.customer') using metastore;
INSERT INTO pipeline_datasource (id, datasource_table) VALUES ('506951', '`AZURE_MSSQL`.`customer`') using metastore;
INSERT INTO pipeline_datasource (id, datasource_table) VALUES ('506960', '`Snowflake`.`SUPPLIER`') using metastore;
INSERT INTO pipeline_join (id, join_tables, join_predicate, filter_expression, order_by) VALUES ('506968', 'azure_mssql_customer,snowflake_supplier', '(azure_mssql_customer.c_nationkey = snowflake_supplier.s_nationkey)', NULL, NULL) using metastore;
INSERT INTO pipeline_node_schema (id, column_name, column_alias, data_type, sql_expression, fk_pipeline_node_id) VALUES ('506975', 'snowflake_supplier.s_acctbal', 'snowflake_supplier_s_acctbal', 'double', NULL, '506968') using metastore;
INSERT INTO pipeline_node_schema (id, column_name, column_alias, data_type, sql_expression, fk_pipeline_node_id) VALUES ('506974', 'snowflake_supplier.s_address', 'snowflake_supplier_s_address', 'string', NULL, '506968') using metastore;
INSERT INTO pipeline_node_schema (id, column_name, column_alias, data_type, sql_expression, fk_pipeline_node_id) VALUES ('506973', 'snowflake_supplier.s_name', 'snowflake_supplier_s_name', 'string', NULL, '506968') using metastore;
INSERT INTO pipeline_node_schema (id, column_name, column_alias, data_type, sql_expression, fk_pipeline_node_id) VALUES ('506972', 'azure_mssql_customer.c_mktsegment', 'azure_mssql_customer_c_mktsegment', 'string', NULL, '506968') using metastore;
INSERT INTO pipeline_node_schema (id, column_name, column_alias, data_type, sql_expression, fk_pipeline_node_id) VALUES ('506971', 'azure_mssql_customer.c_acctbal', 'azure_mssql_customer_c_acctbal', 'float', NULL, '506968') using metastore;
INSERT INTO pipeline_node_schema (id, column_name, column_alias, data_type, sql_expression, fk_pipeline_node_id) VALUES ('506970', 'azure_mssql_customer.c_address', 'azure_mssql_customer_c_address', 'string', NULL, '506968') using metastore;
INSERT INTO pipeline_node_schema (id, column_name, column_alias, data_type, sql_expression, fk_pipeline_node_id) VALUES ('506969', 'azure_mssql_customer.c_name', 'azure_mssql_customer_c_name', 'string', NULL, '506968') using metastore;
INSERT INTO pipeline_node_schema (id, column_name, column_alias, data_type, sql_expression, fk_pipeline_node_id) VALUES ('506959', 'c_comment', NULL, 'string', NULL, '506951') using metastore;
INSERT INTO pipeline_node_schema (id, column_name, column_alias, data_type, sql_expression, fk_pipeline_node_id) VALUES ('506958', 'c_mktsegment', NULL, 'string', NULL, '506951') using metastore;
INSERT INTO pipeline_node_schema (id, column_name, column_alias, data_type, sql_expression, fk_pipeline_node_id) VALUES ('506957', 'c_acctbal', NULL, 'float', NULL, '506951') using metastore;
INSERT INTO pipeline_node_schema (id, column_name, column_alias, data_type, sql_expression, fk_pipeline_node_id) VALUES ('506956', 'c_phone', NULL, 'string', NULL, '506951') using metastore;
INSERT INTO pipeline_node_schema (id, column_name, column_alias, data_type, sql_expression, fk_pipeline_node_id) VALUES ('506955', 'c_nationkey', NULL, 'int', NULL, '506951') using metastore;
INSERT INTO pipeline_node_schema (id, column_name, column_alias, data_type, sql_expression, fk_pipeline_node_id) VALUES ('506954', 'c_address', NULL, 'string', NULL, '506951') using metastore;
INSERT INTO pipeline_node_schema (id, column_name, column_alias, data_type, sql_expression, fk_pipeline_node_id) VALUES ('506953', 'c_name', NULL, 'string', NULL, '506951') using metastore;
INSERT INTO pipeline_node_schema (id, column_name, column_alias, data_type, sql_expression, fk_pipeline_node_id) VALUES ('506952', 'c_custkey', NULL, 'int', NULL, '506951') using metastore;
INSERT INTO pipeline_node_schema (id, column_name, column_alias, data_type, sql_expression, fk_pipeline_node_id) VALUES ('506982', 'diffbal', NULL, 'double', 'CAST(snowflake_supplier_s_acctbal - azure_mssql_customer_c_acctbal AS DOUBLE)', '506976') using metastore;
INSERT INTO pipeline_node_schema (id, column_name, column_alias, data_type, sql_expression, fk_pipeline_node_id) VALUES ('506981', 'snowflake_supplier_s_address', NULL, 'string', NULL, '506976') using metastore;
INSERT INTO pipeline_node_schema (id, column_name, column_alias, data_type, sql_expression, fk_pipeline_node_id) VALUES ('506980', 'snowflake_supplier_s_name', NULL, 'string', NULL, '506976') using metastore;
INSERT INTO pipeline_node_schema (id, column_name, column_alias, data_type, sql_expression, fk_pipeline_node_id) VALUES ('506979', 'azure_mssql_customer_c_mktsegment', NULL, 'string', NULL, '506976') using metastore;
INSERT INTO pipeline_node_schema (id, column_name, column_alias, data_type, sql_expression, fk_pipeline_node_id) VALUES ('506978', 'azure_mssql_customer_c_address', NULL, 'string', NULL, '506976') using metastore;
INSERT INTO pipeline_node_schema (id, column_name, column_alias, data_type, sql_expression, fk_pipeline_node_id) VALUES ('506977', 'azure_mssql_customer_c_name', NULL, 'string', NULL, '506976') using metastore;
INSERT INTO pipeline_node_schema (id, column_name, column_alias, data_type, sql_expression, fk_pipeline_node_id) VALUES ('506967', 's_comment', NULL, 'string', NULL, '506960') using metastore;
INSERT INTO pipeline_node_schema (id, column_name, column_alias, data_type, sql_expression, fk_pipeline_node_id) VALUES ('506966', 's_acctbal', NULL, 'double', NULL, '506960') using metastore;
INSERT INTO pipeline_node_schema (id, column_name, column_alias, data_type, sql_expression, fk_pipeline_node_id) VALUES ('506965', 's_phone', NULL, 'string', NULL, '506960') using metastore;
INSERT INTO pipeline_node_schema (id, column_name, column_alias, data_type, sql_expression, fk_pipeline_node_id) VALUES ('506964', 's_nationkey', NULL, 'bigint', NULL, '506960') using metastore;
INSERT INTO pipeline_node_schema (id, column_name, column_alias, data_type, sql_expression, fk_pipeline_node_id) VALUES ('506963', 's_address', NULL, 'string', NULL, '506960') using metastore;
INSERT INTO pipeline_node_schema (id, column_name, column_alias, data_type, sql_expression, fk_pipeline_node_id) VALUES ('506962', 's_name', NULL, 'string', NULL, '506960') using metastore;
INSERT INTO pipeline_node_schema (id, column_name, column_alias, data_type, sql_expression, fk_pipeline_node_id) VALUES ('506961', 's_suppkey', NULL, 'bigint', NULL, '506960') using metastore;
INSERT INTO pipeline_projection (id, filter_expression, windows_spec, order_by) VALUES ('506976', NULL, NULL, NULL) using metastore;
INSERT INTO pipeline_coordinates (id, coordinates, fk_pipeline_relation_id) VALUES ('569dd97c-c11d-4a44-b0a0-b5140717fc7d', '{"positions":[{"name":"azure_mssql_customer","type":"DataSource","xCord":"56px","yCord":"30px"},{"name":"snowflake_supplier","type":"DataSource","xCord":"51px","yCord":"280px"},{"name":"join_0","type":"Join","xCord":"512px","yCord":"217px"},{"name":"projection_2","type":"Projection","xCord":"635px","yCord":"79px"},{"name":"jdbcsink_0","type":"JDBCSink","xCord":"845px","yCord":"121px"}],"connections":[{"source":"azure_mssql_customer","target":"join_0","targetType":0},{"source":"snowflake_supplier","target":"join_0","targetType":0},{"source":"join_0","target":"projection_2","targetType":0},{"source":"projection_2","target":"jdbcsink_0","targetType":1}]}', '253256') using metastore;