INSERT INTO pipeline_container (id, name, case_sensitive_name, description, fk_organisation_id) VALUES ('657534', 'tpch_vdp', 'TPCH_VDP', NULL, '50702') using metastore;
INSERT INTO pipeline_relation (id, name, case_sensitive_name, description, fk_pipeline_container_id) VALUES ('657535', 'america_rev', 'america_rev', NULL, '657534') using metastore;
INSERT INTO pipeline_node (id, name, case_sensitive_name, description, fk_pipeline_relation_id, pipeline_type, sources) VALUES ('657649', 'aggregation_0', 'aggregation_0', NULL, '657535', 'AGGREGATION', 'join_5') using metastore;
INSERT INTO pipeline_node (id, name, case_sensitive_name, description, fk_pipeline_relation_id, pipeline_type, sources) VALUES ('657643', 'join_5', 'join_5', NULL, '657535', 'JOIN', 'join_4,aws_orcl_region') using metastore;
INSERT INTO pipeline_node (id, name, case_sensitive_name, description, fk_pipeline_relation_id, pipeline_type, sources) VALUES ('657640', 'aws_orcl_region', 'aws_orcl_region', NULL, '657535', 'DATASOURCE', 'AWS_ORCL.region') using metastore;
INSERT INTO pipeline_node (id, name, case_sensitive_name, description, fk_pipeline_relation_id, pipeline_type, sources) VALUES ('657635', 'join_4', 'join_4', NULL, '657535', 'JOIN', 'join_3,aws_trdt_nation') using metastore;
INSERT INTO pipeline_node (id, name, case_sensitive_name, description, fk_pipeline_relation_id, pipeline_type, sources) VALUES ('657631', 'aws_trdt_nation', 'aws_trdt_nation', NULL, '657535', 'DATASOURCE', 'AWS_TRDT.nation') using metastore;
INSERT INTO pipeline_node (id, name, case_sensitive_name, description, fk_pipeline_relation_id, pipeline_type, sources) VALUES ('657620', 'join_3', 'join_3', NULL, '657535', 'JOIN', 'join_2,aws_trdt_supplier') using metastore;
INSERT INTO pipeline_node (id, name, case_sensitive_name, description, fk_pipeline_relation_id, pipeline_type, sources) VALUES ('657617', 'aws_trdt_supplier', 'aws_trdt_supplier', NULL, '657535', 'DATASOURCE', 'AWS_TRDT.supplier') using metastore;
INSERT INTO pipeline_node (id, name, case_sensitive_name, description, fk_pipeline_relation_id, pipeline_type, sources) VALUES ('657608', 'join_2', 'join_2', NULL, '657535', 'JOIN', 'join_0,azure_postgres_lineitem') using metastore;
INSERT INTO pipeline_node (id, name, case_sensitive_name, description, fk_pipeline_relation_id, pipeline_type, sources) VALUES ('657603', 'azure_postgres_lineitem', 'azure_postgres_lineitem', NULL, '657535', 'DATASOURCE', 'AZURE_POSTGRES.lineitem') using metastore;
INSERT INTO pipeline_node (id, name, case_sensitive_name, description, fk_pipeline_relation_id, pipeline_type, sources) VALUES ('657598', 'join_0', 'join_0', NULL, '657535', 'JOIN', 'aws_orcl_customer,azure_mssql_orders') using metastore;
INSERT INTO pipeline_node (id, name, case_sensitive_name, description, fk_pipeline_relation_id, pipeline_type, sources) VALUES ('657595', 'azure_mssql_orders', 'azure_mssql_orders', NULL, '657535', 'DATASOURCE', 'AZURE_MSSQL.orders') using metastore;
INSERT INTO pipeline_node (id, name, case_sensitive_name, description, fk_pipeline_relation_id, pipeline_type, sources) VALUES ('657592', 'aws_orcl_customer', 'aws_orcl_customer', NULL, '657535', 'DATASOURCE', 'AWS_ORCL.customer') using metastore;
INSERT INTO pipeline_aggregation (id, filter_expression, order_by, group_expression, having_expression) VALUES ('657649', NULL, NULL, 'join_5.join_4_aws_trdt_nation_n_name', NULL) using metastore;
INSERT INTO pipeline_datasource (id, datasource_table) VALUES ('657592', '`AWS_ORCL`.`customer`') using metastore;
INSERT INTO pipeline_datasource (id, datasource_table) VALUES ('657631', '`AWS_TRDT`.`nation`') using metastore;
INSERT INTO pipeline_datasource (id, datasource_table) VALUES ('657603', '`AZURE_POSTGRES`.`lineitem`') using metastore;
INSERT INTO pipeline_datasource (id, datasource_table) VALUES ('657640', '`AWS_ORCL`.`region`') using metastore;
INSERT INTO pipeline_datasource (id, datasource_table) VALUES ('657617', '`AWS_TRDT`.`supplier`') using metastore;
INSERT INTO pipeline_datasource (id, datasource_table) VALUES ('657595', '`AZURE_MSSQL`.`orders`') using metastore;
INSERT INTO pipeline_join (id, join_tables, join_predicate, filter_expression, order_by) VALUES ('657620', 'join_2,aws_trdt_supplier', '(join_2.azure_postgres_lineitem_l_suppkey = aws_trdt_supplier.s_suppkey)', NULL, NULL) using metastore;
INSERT INTO pipeline_join (id, join_tables, join_predicate, filter_expression, order_by) VALUES ('657643', 'join_4,aws_orcl_region', '(join_4.aws_trdt_nation_n_regionkey = aws_orcl_region.r_regionkey)', 'aws_orcl_region.r_name LIKE ''AMERICA%''', NULL) using metastore;
INSERT INTO pipeline_join (id, join_tables, join_predicate, filter_expression, order_by) VALUES ('657608', 'join_0,azure_postgres_lineitem', '(join_0.azure_mssql_orders_o_orderkey = azure_postgres_lineitem.l_orderkey)', NULL, NULL) using metastore;
INSERT INTO pipeline_join (id, join_tables, join_predicate, filter_expression, order_by) VALUES ('657635', 'join_3,aws_trdt_nation', '(join_3.aws_trdt_supplier_s_nationkey = aws_trdt_nation.n_nationkey)', NULL, NULL) using metastore;
INSERT INTO pipeline_join (id, join_tables, join_predicate, filter_expression, order_by) VALUES ('657598', 'aws_orcl_customer,azure_mssql_orders', '(aws_orcl_customer.c_custkey = azure_mssql_orders.o_custkey)', NULL, NULL) using metastore;
INSERT INTO pipeline_node_schema (id, column_name, column_alias, data_type, sql_expression, fk_pipeline_node_id) VALUES ('657602', 'aws_orcl_customer.c_custkey', 'aws_orcl_customer_c_custkey', 'int', NULL, '657598') using metastore;
INSERT INTO pipeline_node_schema (id, column_name, column_alias, data_type, sql_expression, fk_pipeline_node_id) VALUES ('657601', 'aws_orcl_customer.c_nationkey', 'aws_orcl_customer_c_nationkey', 'int', NULL, '657598') using metastore;
INSERT INTO pipeline_node_schema (id, column_name, column_alias, data_type, sql_expression, fk_pipeline_node_id) VALUES ('657600', 'azure_mssql_orders.o_orderkey', 'azure_mssql_orders_o_orderkey', 'bigint', NULL, '657598') using metastore;
INSERT INTO pipeline_node_schema (id, column_name, column_alias, data_type, sql_expression, fk_pipeline_node_id) VALUES ('657599', 'azure_mssql_orders.o_custkey', 'azure_mssql_orders_o_custkey', 'int', NULL, '657598') using metastore;
INSERT INTO pipeline_node_schema (id, column_name, column_alias, data_type, sql_expression, fk_pipeline_node_id) VALUES ('657594', 'c_custkey', NULL, 'int', NULL, '657592') using metastore;
INSERT INTO pipeline_node_schema (id, column_name, column_alias, data_type, sql_expression, fk_pipeline_node_id) VALUES ('657593', 'c_nationkey', NULL, 'int', NULL, '657592') using metastore;
INSERT INTO pipeline_node_schema (id, column_name, column_alias, data_type, sql_expression, fk_pipeline_node_id) VALUES ('657639', 'aws_trdt_nation.n_name', 'aws_trdt_nation_n_name', 'string', NULL, '657635') using metastore;
INSERT INTO pipeline_node_schema (id, column_name, column_alias, data_type, sql_expression, fk_pipeline_node_id) VALUES ('657638', 'aws_trdt_nation.n_regionkey', 'aws_trdt_nation_n_regionkey', 'int', NULL, '657635') using metastore;
INSERT INTO pipeline_node_schema (id, column_name, column_alias, data_type, sql_expression, fk_pipeline_node_id) VALUES ('657637', 'join_3.join_2_azure_postgres_lineitem_l_extendedprice', 'join_3_join_2_azure_postgres_lineitem_l_extendedprice', 'float', NULL, '657635') using metastore;
INSERT INTO pipeline_node_schema (id, column_name, column_alias, data_type, sql_expression, fk_pipeline_node_id) VALUES ('657636', 'join_3.join_2_azure_postgres_lineitem_l_discount', 'join_3_join_2_azure_postgres_lineitem_l_discount', 'float', NULL, '657635') using metastore;
INSERT INTO pipeline_node_schema (id, column_name, column_alias, data_type, sql_expression, fk_pipeline_node_id) VALUES ('657634', 'n_name', NULL, 'string', NULL, '657631') using metastore;
INSERT INTO pipeline_node_schema (id, column_name, column_alias, data_type, sql_expression, fk_pipeline_node_id) VALUES ('657633', 'n_regionkey', NULL, 'int', NULL, '657631') using metastore;
INSERT INTO pipeline_node_schema (id, column_name, column_alias, data_type, sql_expression, fk_pipeline_node_id) VALUES ('657632', 'n_nationkey', NULL, 'int', NULL, '657631') using metastore;
INSERT INTO pipeline_node_schema (id, column_name, column_alias, data_type, sql_expression, fk_pipeline_node_id) VALUES ('657616', 'azure_postgres_lineitem.l_extendedprice', 'azure_postgres_lineitem_l_extendedprice', 'float', NULL, '657608') using metastore;
INSERT INTO pipeline_node_schema (id, column_name, column_alias, data_type, sql_expression, fk_pipeline_node_id) VALUES ('657615', 'azure_postgres_lineitem.l_discount', 'azure_postgres_lineitem_l_discount', 'float', NULL, '657608') using metastore;
INSERT INTO pipeline_node_schema (id, column_name, column_alias, data_type, sql_expression, fk_pipeline_node_id) VALUES ('657614', 'azure_postgres_lineitem.l_suppkey', 'azure_postgres_lineitem_l_suppkey', 'int', NULL, '657608') using metastore;
INSERT INTO pipeline_node_schema (id, column_name, column_alias, data_type, sql_expression, fk_pipeline_node_id) VALUES ('657613', 'azure_postgres_lineitem.l_orderkey', 'azure_postgres_lineitem_l_orderkey', 'bigint', NULL, '657608') using metastore;
INSERT INTO pipeline_node_schema (id, column_name, column_alias, data_type, sql_expression, fk_pipeline_node_id) VALUES ('657612', 'join_0.aws_orcl_customer_c_custkey', 'join_0_aws_orcl_customer_c_custkey', 'int', NULL, '657608') using metastore;
INSERT INTO pipeline_node_schema (id, column_name, column_alias, data_type, sql_expression, fk_pipeline_node_id) VALUES ('657611', 'join_0.aws_orcl_customer_c_nationkey', 'join_0_aws_orcl_customer_c_nationkey', 'int', NULL, '657608') using metastore;
INSERT INTO pipeline_node_schema (id, column_name, column_alias, data_type, sql_expression, fk_pipeline_node_id) VALUES ('657610', 'join_0.azure_mssql_orders_o_orderkey', 'join_0_azure_mssql_orders_o_orderkey', 'bigint', NULL, '657608') using metastore;
INSERT INTO pipeline_node_schema (id, column_name, column_alias, data_type, sql_expression, fk_pipeline_node_id) VALUES ('657609', 'join_0.azure_mssql_orders_o_custkey', 'join_0_azure_mssql_orders_o_custkey', 'int', NULL, '657608') using metastore;
INSERT INTO pipeline_node_schema (id, column_name, column_alias, data_type, sql_expression, fk_pipeline_node_id) VALUES ('657607', 'l_extendedprice', NULL, 'float', NULL, '657603') using metastore;
INSERT INTO pipeline_node_schema (id, column_name, column_alias, data_type, sql_expression, fk_pipeline_node_id) VALUES ('657606', 'l_discount', NULL, 'float', NULL, '657603') using metastore;
INSERT INTO pipeline_node_schema (id, column_name, column_alias, data_type, sql_expression, fk_pipeline_node_id) VALUES ('657605', 'l_suppkey', NULL, 'int', NULL, '657603') using metastore;
INSERT INTO pipeline_node_schema (id, column_name, column_alias, data_type, sql_expression, fk_pipeline_node_id) VALUES ('657604', 'l_orderkey', NULL, 'bigint', NULL, '657603') using metastore;
INSERT INTO pipeline_node_schema (id, column_name, column_alias, data_type, sql_expression, fk_pipeline_node_id) VALUES ('657642', 'r_name', NULL, 'string', NULL, '657640') using metastore;
INSERT INTO pipeline_node_schema (id, column_name, column_alias, data_type, sql_expression, fk_pipeline_node_id) VALUES ('657641', 'r_regionkey', NULL, 'int', NULL, '657640') using metastore;
INSERT INTO pipeline_node_schema (id, column_name, column_alias, data_type, sql_expression, fk_pipeline_node_id) VALUES ('657651', 'revenue', 'revenue', 'double', 'SUM(join_5.l_extentedprice)', '657649') using metastore;
INSERT INTO pipeline_node_schema (id, column_name, column_alias, data_type, sql_expression, fk_pipeline_node_id) VALUES ('657650', 'join_5.join_4_aws_trdt_nation_n_name', 'join_4_aws_trdt_nation_n_name', 'string', NULL, '657649') using metastore;
INSERT INTO pipeline_node_schema (id, column_name, column_alias, data_type, sql_expression, fk_pipeline_node_id) VALUES ('657648', 'aws_orcl_region.r_name', 'r_name', 'string', NULL, '657643') using metastore;
INSERT INTO pipeline_node_schema (id, column_name, column_alias, data_type, sql_expression, fk_pipeline_node_id) VALUES ('657647', 'join_4.aws_trdt_nation_n_name', 'join_4_aws_trdt_nation_n_name', 'string', NULL, '657643') using metastore;
INSERT INTO pipeline_node_schema (id, column_name, column_alias, data_type, sql_expression, fk_pipeline_node_id) VALUES ('657646', 'join_4.aws_trdt_nation_n_regionkey', 'join_4_aws_trdt_nation_n_regionkey', 'int', NULL, '657643') using metastore;
INSERT INTO pipeline_node_schema (id, column_name, column_alias, data_type, sql_expression, fk_pipeline_node_id) VALUES ('657645', 'join_4.join_3_join_2_azure_postgres_lineitem_l_extendedprice', 'l_extentedprice', 'float', NULL, '657643') using metastore;
INSERT INTO pipeline_node_schema (id, column_name, column_alias, data_type, sql_expression, fk_pipeline_node_id) VALUES ('657644', 'join_4.join_3_join_2_azure_postgres_lineitem_l_discount', 'l_discount', 'float', NULL, '657643') using metastore;
INSERT INTO pipeline_node_schema (id, column_name, column_alias, data_type, sql_expression, fk_pipeline_node_id) VALUES ('657619', 's_nationkey', NULL, 'int', NULL, '657617') using metastore;
INSERT INTO pipeline_node_schema (id, column_name, column_alias, data_type, sql_expression, fk_pipeline_node_id) VALUES ('657618', 's_suppkey', NULL, 'int', NULL, '657617') using metastore;
INSERT INTO pipeline_node_schema (id, column_name, column_alias, data_type, sql_expression, fk_pipeline_node_id) VALUES ('657597', 'o_orderkey', NULL, 'bigint', NULL, '657595') using metastore;
INSERT INTO pipeline_node_schema (id, column_name, column_alias, data_type, sql_expression, fk_pipeline_node_id) VALUES ('657596', 'o_custkey', NULL, 'int', NULL, '657595') using metastore;
INSERT INTO pipeline_node_schema (id, column_name, column_alias, data_type, sql_expression, fk_pipeline_node_id) VALUES ('657630', 'aws_trdt_supplier.s_nationkey', 'aws_trdt_supplier_s_nationkey', 'int', NULL, '657620') using metastore;
INSERT INTO pipeline_node_schema (id, column_name, column_alias, data_type, sql_expression, fk_pipeline_node_id) VALUES ('657629', 'aws_trdt_supplier.s_suppkey', 'aws_trdt_supplier_s_suppkey', 'int', NULL, '657620') using metastore;
INSERT INTO pipeline_node_schema (id, column_name, column_alias, data_type, sql_expression, fk_pipeline_node_id) VALUES ('657628', 'join_2.azure_postgres_lineitem_l_extendedprice', 'join_2_azure_postgres_lineitem_l_extendedprice', 'float', NULL, '657620') using metastore;
INSERT INTO pipeline_node_schema (id, column_name, column_alias, data_type, sql_expression, fk_pipeline_node_id) VALUES ('657627', 'join_2.azure_postgres_lineitem_l_discount', 'join_2_azure_postgres_lineitem_l_discount', 'float', NULL, '657620') using metastore;
INSERT INTO pipeline_node_schema (id, column_name, column_alias, data_type, sql_expression, fk_pipeline_node_id) VALUES ('657626', 'join_2.azure_postgres_lineitem_l_suppkey', 'join_2_azure_postgres_lineitem_l_suppkey', 'int', NULL, '657620') using metastore;
INSERT INTO pipeline_node_schema (id, column_name, column_alias, data_type, sql_expression, fk_pipeline_node_id) VALUES ('657625', 'join_2.azure_postgres_lineitem_l_orderkey', 'join_2_azure_postgres_lineitem_l_orderkey', 'bigint', NULL, '657620') using metastore;
INSERT INTO pipeline_node_schema (id, column_name, column_alias, data_type, sql_expression, fk_pipeline_node_id) VALUES ('657624', 'join_2.join_0_aws_orcl_customer_c_custkey', 'join_2_join_0_aws_orcl_customer_c_custkey', 'int', NULL, '657620') using metastore;
INSERT INTO pipeline_node_schema (id, column_name, column_alias, data_type, sql_expression, fk_pipeline_node_id) VALUES ('657623', 'join_2.join_0_aws_orcl_customer_c_nationkey', 'join_2_join_0_aws_orcl_customer_c_nationkey', 'int', NULL, '657620') using metastore;
INSERT INTO pipeline_node_schema (id, column_name, column_alias, data_type, sql_expression, fk_pipeline_node_id) VALUES ('657622', 'join_2.join_0_azure_mssql_orders_o_orderkey', 'join_2_join_0_azure_mssql_orders_o_orderkey', 'bigint', NULL, '657620') using metastore;
INSERT INTO pipeline_node_schema (id, column_name, column_alias, data_type, sql_expression, fk_pipeline_node_id) VALUES ('657621', 'join_2.join_0_azure_mssql_orders_o_custkey', 'join_2_join_0_azure_mssql_orders_o_custkey', 'int', NULL, '657620') using metastore;
INSERT INTO pipeline_coordinates (id, coordinates, fk_pipeline_relation_id) VALUES ('a768c22a-4d44-4a72-ac14-3056613e7c63', '{"positions":[{"name":"aws_orcl_customer","type":"DataSource","xCord":"17px","yCord":"12px"},{"name":"azure_mssql_orders","type":"DataSource","xCord":"17px","yCord":"273px"},{"name":"join_0","type":"Join","xCord":"455px","yCord":"106px"},{"name":"azure_postgres_lineitem","type":"DataSource","xCord":"428px","yCord":"278px"},{"name":"join_2","type":"Join","xCord":"846px","yCord":"107px"},{"name":"aws_trdt_supplier","type":"DataSource","xCord":"827px","yCord":"276px"},{"name":"join_3","type":"Join","xCord":"1192px","yCord":"105px"},{"name":"aws_trdt_nation","type":"DataSource","xCord":"1198px","yCord":"274px"},{"name":"join_4","type":"Join","xCord":"1516px","yCord":"97px"},{"name":"aws_orcl_region","type":"DataSource","xCord":"1547px","yCord":"276px"},{"name":"join_5","type":"Join","xCord":"1857px","yCord":"95px"},{"name":"aggregation_0","type":"Aggregation","xCord":"2041px","yCord":"91px"}],"connections":[{"source":"aws_orcl_customer","target":"join_0","targetType":0},{"source":"azure_mssql_orders","target":"join_0","targetType":0},{"source":"join_0","target":"join_2","targetType":0},{"source":"azure_postgres_lineitem","target":"join_2","targetType":0},{"source":"join_2","target":"join_3","targetType":0},{"source":"aws_trdt_supplier","target":"join_3","targetType":0},{"source":"join_3","target":"join_4","targetType":0},{"source":"aws_trdt_nation","target":"join_4","targetType":0},{"source":"join_4","target":"join_5","targetType":0},{"source":"aws_orcl_region","target":"join_5","targetType":0},{"source":"join_5","target":"aggregation_0","targetType":0}]}', '657535') using metastore;